
/*!40101 SET @OLD_CHARACTER_SET_CLIENT=@@CHARACTER_SET_CLIENT */;
/*!40101 SET @OLD_CHARACTER_SET_RESULTS=@@CHARACTER_SET_RESULTS */;
/*!40101 SET @OLD_COLLATION_CONNECTION=@@COLLATION_CONNECTION */;
/*!40101 SET NAMES utf8mb4 */;
/*!40103 SET @OLD_TIME_ZONE=@@TIME_ZONE */;
/*!40103 SET TIME_ZONE='+00:00' */;
/*!40014 SET @OLD_UNIQUE_CHECKS=@@UNIQUE_CHECKS, UNIQUE_CHECKS=0 */;
/*!40014 SET @OLD_FOREIGN_KEY_CHECKS=@@FOREIGN_KEY_CHECKS, FOREIGN_KEY_CHECKS=0 */;
/*!40101 SET @OLD_SQL_MODE=@@SQL_MODE, SQL_MODE='NO_AUTO_VALUE_ON_ZERO' */;
/*!40111 SET @OLD_SQL_NOTES=@@SQL_NOTES, SQL_NOTES=0 */;
DROP TABLE IF EXISTS `aliases`;
/*!40101 SET @saved_cs_client     = @@character_set_client */;
/*!40101 SET character_set_client = utf8 */;
CREATE TABLE `aliases` (
  `id` int(6) NOT NULL AUTO_INCREMENT,
  `domain_id` int(6) NOT NULL,
  `source` varchar(100) NOT NULL,
  `destination` varchar(100) NOT NULL,
  PRIMARY KEY (`id`),
  KEY `aliases_ibfk_1` (`domain_id`),
  CONSTRAINT `aliases_ibfk_1` FOREIGN KEY (`domain_id`) REFERENCES `domains` (`id`) ON DELETE CASCADE ON UPDATE CASCADE
) ENGINE=InnoDB AUTO_INCREMENT=0 DEFAULT CHARSET=utf8 COLLATE=utf8_general_ci;
/*!40101 SET character_set_client = @saved_cs_client */;

LOCK TABLES `aliases` WRITE;
/*!40000 ALTER TABLE `aliases` DISABLE KEYS */;
INSERT INTO `aliases` VALUES (1,5,'akimbenrezzag@drumee.com','akimbenrezzag@drumee.net'),(2,5,'alainrigaud@drumee.com','alainrigaud@drumee.net'),(3,5,'alexandredenis@drumee.com','alexandredenis@drumee.net'),(4,5,'aline@drumee.com','aline@drumee.net'),(5,5,'alinemartin@drumee.com','alinemartin@drumee.net'),(6,5,'amandine@drumee.com','amandine@drumee.net'),(7,5,'anneauber@drumee.com','anneauber@drumee.net'),(8,5,'ariane@drumee.com','ariane@drumee.net'),(9,5,'arianemathieu@drumee.com','arianemathieu@drumee.net'),(10,5,'ariel@drumee.com','ariel@drumee.net'),(11,5,'arnaud@drumee.com','arnaud@drumee.net'),(12,5,'arnaudo@drumee.com','arnaudo@drumee.net'),(13,5,'audrey@drumee.com','audrey@drumee.net'),(14,5,'audreyhuburn@drumee.com','audreyhuburn@drumee.net'),(15,5,'bertrandcarette@drumee.com','bertrandcarette@drumee.net'),(16,5,'bertranddevarax@drumee.com','bertranddevarax@drumee.net'),(17,5,'caterine@drumee.com','caterine@drumee.net'),(18,5,'celia.chim@drumee.com','celia.chim@drumee.net'),(19,5,'celia@drumee.com','celia@drumee.net'),(20,5,'chantalmonsec@drumee.com','chantalmonsec@drumee.net'),(21,5,'chriscatta@drumee.com','chriscatta@drumee.net'),(22,5,'christelle@drumee.com','christelle@drumee.net'),(23,5,'ciranojalex@drumee.com','ciranojalex@drumee.net'),(24,5,'clemdevarax@drumee.com','clemdevarax@drumee.net'),(25,5,'d2radio@drumee.com','d2radio@drumee.net'),(26,5,'daphnegoudeseune@drumee.com','daphnegoudeseune@drumee.net'),(27,5,'didiermorville@drumee.com','didiermorville@drumee.net'),(28,5,'docfu@drumee.com','docfu@drumee.net'),(29,5,'drumee@drumee.com','drumee@drumee.net'),(30,5,'edgardparfait@drumee.com','edgardparfait@drumee.net'),(31,5,'elise@drumee.com','elise@drumee.net'),(32,5,'ericb31@drumee.com','ericb31@drumee.net'),(33,5,'ezghzeh@drumee.com','ezghzeh@drumee.net'),(34,5,'florent@drumee.com','florent@drumee.net'),(35,5,'floriane@drumee.com','floriane@drumee.net'),(36,5,'fredgabriel@drumee.com','fredgabriel@drumee.net'),(37,5,'gaston@drumee.com','gaston@drumee.net'),(38,5,'goudeseunel@drumee.com','goudeseunel@drumee.net'),(39,5,'guestcrna@drumee.com','guestcrna@drumee.net'),(40,5,'homer@drumee.com','homer@drumee.net'),(41,5,'jdischamps@drumee.com','jdischamps@drumee.net'),(42,5,'jean@drumee.com','jean@drumee.net'),(43,5,'jeanluc@drumee.com','jeanluc@drumee.net'),(44,5,'jl.bernard@drumee.com','jl.bernard@drumee.net'),(45,5,'joelphilippe@drumee.com','joelphilippe@drumee.net'),(46,5,'leti@drumee.com','leti@drumee.net'),(47,5,'lili@drumee.com','lili@drumee.net'),(48,5,'lndevarax@drumee.com','lndevarax@drumee.net'),(49,5,'lucky@drumee.com','lucky@drumee.net'),(50,5,'marion@drumee.com','marion@drumee.net'),(51,5,'martindupond@drumee.com','martindupond@drumee.net'),(52,5,'martinet@drumee.com','martinet@drumee.net'),(53,5,'mdevarax@drumee.com','mdevarax@drumee.net'),(54,5,'nobody@drumee.com','nobody@drumee.net'),(55,5,'obelixl@drumee.com','obelixl@drumee.net'),(56,5,'olivierdurand@drumee.com','olivierdurand@drumee.net'),(57,5,'paulmizrahi@drumee.com','paulmizrahi@drumee.net'),(58,5,'poutou@drumee.com','poutou@drumee.net'),(59,5,'ralphyegouy@drumee.com','ralphyegouy@drumee.net'),(60,5,'renaudsemerdjian@drumee.com','renaudsemerdjian@drumee.net'),(61,5,'richardrenault@drumee.com','richardrenault@drumee.net'),(62,5,'rochet@drumee.com','rochet@drumee.net'),(63,5,'romain@drumee.com','romain@drumee.net'),(64,5,'sebastianorozco@drumee.com','sebastianorozco@drumee.net'),(65,5,'sebastienheurtier@drumee.com','sebastienheurtier@drumee.net'),(66,5,'somanos@drumee.com','somanos@drumee.net'),(67,5,'somanossar@drumee.com','somanossar@drumee.net'),(68,5,'somasar@drumee.com','somasar@drumee.net'),(69,5,'spode@drumee.com','spode@drumee.net'),(70,5,'stephanie@drumee.com','stephanie@drumee.net'),(71,5,'test2@drumee.com','test2@drumee.net'),(72,5,'touti@drumee.com','touti@drumee.net'),(73,5,'victoire@drumee.com','victoire@drumee.net'),(74,5,'vincent@drumee.com','vincent@drumee.net'),(75,5,'yoda@drumee.com','yoda@drumee.net'),(128,5,'regis@drumee.com','regis@drumee.net'),(129,5,'dalia@drumee.com','dalia@drumee.net'),(130,5,'dcs@drumee.com','dcs@drumee.net'),(131,5,'demo-fmm@drumee.com','demo-fmm@drumee.net'),(132,5,'demo-total@drumee.com','demo-total@drumee.net'),(133,5,'dom@drumee.com','dom@drumee.net'),(134,5,'hichem@drumee.com','hichem@drumee.net'),(135,5,'jasmin@drumee.com','jasmin@drumee.net'),(136,5,'laetitia-bori@drumee.com','laetitia-bori@drumee.net'),(137,5,'lejubile2016@drumee.com','lejubile2016@drumee.net'),(138,5,'leti-family@drumee.com','leti-family@drumee.net'),(139,5,'leti-friends@drumee.com','leti-friends@drumee.net'),(140,5,'qprize2@drumee.com','qprize2@drumee.net'),(141,5,'qprize@drumee.com','qprize@drumee.net'),(142,5,'qualcomm@drumee.com','qualcomm@drumee.net'),(143,5,'regis-prive@drumee.com','regis-prive@drumee.net'),(146,5,'sar@drumee.com','sar@drumee.net'),(147,5,'somanos.fr@drumee.com','somanos.fr@drumee.net'),(161,5,'root@drumee.com','somanos@drumee.net'),(162,5,'stanislas@drumee.com','stanislas@drumee.net'),(163,5,'stanislas@drumee.com','stanislas@drumee.net'),(164,5,'max@drumee.com','max@drumee.net'),(165,5,'max@drumee.com','max@drumee.net'),(166,5,'stanislas@drumee.com','stanislas@drumee.net'),(167,5,'olivier@drumee.com','olivier@drumee.net'),(168,5,'ulukbek@drumee.com','ulukbek@drumee.net'),(170,5,'ulukbek@drumee.com','ulukbek@drumee.net'),(171,5,'ulukbek@drumee.com','ulukbek@drumee.net'),(172,5,'ulukbek@drumee.com','ulukbek@drumee.net'),(173,5,'ulukbek@drumee.com','ulukbek@drumee.net'),(174,5,'ulukbek@drumee.com','ulukbek@drumee.net'),(175,5,'ulukbek@drumee.com','ulukbek@drumee.net'),(176,5,'yann@drumee.com','yann@drumee.net'),(177,5,'kristina@drumee.com','kristina@drumee.net'),(178,5,'elena@drumee.com','elena@drumee.net'),(179,5,'mdevarax@drumee.com','mdevarax@drumee.net'),(180,5,'mdevarax@drumee.com','mdevarax@drumee.net'),(181,5,'mdevarax@drumee.com','mdevarax@drumee.net'),(182,5,'mdevarax@drumee.com','mdevarax@drumee.net'),(183,5,'celia@drumee.com','celia@drumee.net'),(184,5,'max@drumee.com','max@drumee.net'),(185,5,'max@drumee.com','max@drumee.net'),(186,5,'library@drumee.com','library@drumee.net'),(187,5,'elina@drumee.com','elina@drumee.net'),(188,5,'amandine@drumee.com','amandine@drumee.net'),(189,5,'celia@drumee.com','celia@drumee.net'),(190,5,'d2radio@drumee.com','d2radio@drumee.net'),(191,5,'guillaume@drumee.com','guillaume@drumee.net'),(192,5,'shreyog@drumee.com','shreyog@drumee.net'),(193,5,'somanos@drumee.com','somanos@drumee.net'),(194,5,'sar@drumee.com','sar@drumee.net'),(195,7,'sar@drumee.net','sar@drumee.net'),(196,7,'drumee@drumee.net','drumee@drumee.net'),(197,7,'drumee@drumee.net','drumee@drumee.net'),(198,5,'thamiz@drumee.com','thamiz@drumee.net'),(199,5,'thamiz@drumee.com','thamiz@drumee.net'),(200,5,'kristina@drumee.com','kristina@drumee.net'),(201,5,'prashan@drumee.com','prashan@drumee.net'),(202,5,'cedric@drumee.com','cedric@drumee.net'),(203,5,'johnpeterd@drumee.com','johnpeterd@drumee.net'),(204,5,'marianne@drumee.com','marianne@drumee.net'),(205,5,'hemachandrup@drumee.com','hemachandrup@drumee.net'),(206,5,'arunkumarr@drumee.com','arunkumarr@drumee.net'),(207,5,'jeevarajp@drumee.com','jeevarajp@drumee.net'),(208,5,'indhumathym@drumee.com','indhumathym@drumee.net'),(209,5,'admin@drumee.com','admin@drumee.net'),(210,5,'lavanyam@drumee.com','lavanyam@drumee.net'),(211,5,'jeevarajp@drumee.com','jeevarajp@drumee.net'),(212,5,'jeevarajp@drumee.com','jeevarajp@drumee.net'),(213,5,'jeevarajp@drumee.com','jeevarajp@drumee.net'),(214,5,'jeevarajp@drumee.com','jeevarajp@drumee.net'),(215,5,'jeevarajp@drumee.com','jeevarajp@drumee.net'),(216,5,'jeevarajp@drumee.com','jeevarajp@drumee.net'),(217,5,'no-replay@drumee.com','no-replay@drumee.net'),(218,5,'jeevaraj1@drumee.com','jeevaraj1@drumee.net'),(219,5,'jeevaraj12@drumee.com','jeevaraj12@drumee.net'),(220,5,'jeevaraj2@drumee.com','jeevaraj2@drumee.net'),(221,5,'jeevaraj3@drumee.com','jeevaraj3@drumee.net'),(222,5,'jeevaraj4@drumee.com','jeevaraj4@drumee.net'),(223,5,'jeevaraj5@drumee.com','jeevaraj5@drumee.net'),(224,5,'jeevaraj6@drumee.com','jeevaraj6@drumee.net'),(225,5,'jeevaraj7@drumee.com','jeevaraj7@drumee.net'),(226,5,'jeevaraj8@drumee.com','jeevaraj8@drumee.net'),(227,5,'jeevaraj9@drumee.com','jeevaraj9@drumee.net'),(228,5,'jeevaraj10@drumee.com','jeevaraj10@drumee.net'),(229,5,'jeevaraj11@drumee.com','jeevaraj11@drumee.net'),(230,5,'jeeva2@drumee.com','jeeva2@drumee.net'),(231,5,'jeeva2@drumee.com','jeeva2@drumee.net'),(232,5,'jeevaraj13@drumee.com','jeevaraj13@drumee.net'),(233,5,'jeevaraj14@drumee.com','jeevaraj14@drumee.net'),(234,5,'jeevaraj15@drumee.com','jeevaraj15@drumee.net'),(235,5,'jeevaraj16@drumee.com','jeevaraj16@drumee.net'),(236,5,'jeevaraj16@drumee.com','jeevaraj16@drumee.net'),(237,5,'jeevaraj16@drumee.com','jeevaraj16@drumee.net'),(238,5,'jeevaraj16@drumee.com','jeevaraj16@drumee.net'),(239,5,'jeevaraj16@drumee.com','jeevaraj16@drumee.net'),(240,5,'jeevaraj16@drumee.com','jeevaraj16@drumee.net'),(241,5,'jeevaraj16@drumee.com','jeevaraj16@drumee.net'),(242,5,'jeevaraj16@drumee.com','jeevaraj16@drumee.net'),(243,5,'jeevaraj16@drumee.com','jeevaraj16@drumee.net'),(244,5,'jeevaraj16@drumee.com','jeevaraj16@drumee.net'),(245,5,'jeevaraj16@drumee.com','jeevaraj16@drumee.net'),(246,5,'hemachandrup@drumee.com','hemachandrup@drumee.net'),(247,5,'indhumathym@drumee.com','indhumathym@drumee.net'),(248,5,'arunkumarr@drumee.com','arunkumarr@drumee.net'),(249,5,'arunkumarr@drumee.com','arunkumarr@drumee.net'),(250,5,'testuser@drumee.com','testuser@drumee.net'),(251,5,'testuser@drumee.com','testuser@drumee.net'),(252,5,'testuser@drumee.com','testuser@drumee.net'),(253,5,'testuser@drumee.com','testuser@drumee.net'),(254,5,'testuser@drumee.com','testuser@drumee.net'),(255,5,'testuser@drumee.com','testuser@drumee.net'),(256,5,'testuser@drumee.com','testuser@drumee.net'),(257,5,'ihtestuser@drumee.com','ihtestuser@drumee.net'),(258,5,'lilia@drumee.com','lilia@drumee.net'),(259,5,'meenakshi@drumee.com','meenakshi@drumee.net'),(260,5,'meenakshi@drumee.com','meenakshi@drumee.net'),(261,5,'meenakshi@drumee.com','meenakshi@drumee.net'),(262,5,'meenakshi@drumee.com','meenakshi@drumee.net'),(263,5,'meenakshi@drumee.com','meenakshi@drumee.net'),(264,5,'stanislas@drumee.com','stanislas@drumee.net'),(265,5,'celia@drumee.com','celia@drumee.net'),(266,5,'stanislas@drumee.com','stanislas@drumee.net'),(267,5,'theophane@drumee.com','theophane@drumee.net'),(268,5,'celia@drumee.com','celia@drumee.net'),(269,5,'indhumathym@drumee.com','indhumathym@drumee.net'),(270,5,'gopinath@drumee.com','gopinath@drumee.net'),(271,5,'punithavathy@drumee.com','punithavathy@drumee.net'),(272,5,'somanos@drumee.com','somanos@drumee.net'),(273,5,'gopinath@drumee.com','gopinath@drumee.net'),(274,5,'gopinath@drumee.com','gopinath@drumee.net'),(275,5,'gopinath@drumee.com','gopinath@drumee.net'),(276,5,'gopinath@drumee.com','gopinath@drumee.net'),(277,5,'gopinath@drumee.com','gopinath@drumee.net'),(278,5,'gopinath@drumee.com','gopinath@drumee.net'),(279,5,'gopinath@drumee.com','gopinath@drumee.net'),(280,5,'gopinath@drumee.com','gopinath@drumee.net'),(281,5,'indhumathym@drumee.com','indhumathym@drumee.net'),(282,5,'indhumathym@drumee.com','indhumathym@drumee.net'),(283,5,'indhumathym@drumee.com','indhumathym@drumee.net'),(284,5,'indhumathym@drumee.com','indhumathym@drumee.net'),(285,5,'indhumathym@drumee.com','indhumathym@drumee.net'),(286,5,'indhumathym@drumee.com','indhumathym@drumee.net'),(287,5,'mathieu@drumee.com','mathieu@drumee.net'),(289,5,'sar@drumee.com','sar@drumee.net'),(290,5,'christelle@drumee.com','christelle@drumee.net'),(291,5,'yuri@drumee.com','yuri@drumee.net'),(292,5,'pavel@drumee.com','pavel@drumee.net'),(293,5,'mathieu@drumee.com','mathieu@drumee.net'),(294,5,'christelle@drumee.com','christelle@drumee.net'),(295,5,'christelle@drumee.com','christelle@drumee.net'),(296,5,'christelle@drumee.com','christelle@drumee.net'),(297,5,'celia@drumee.com','celia@drumee.net'),(298,5,'regis@drumee.com','regis@drumee.net'),(299,5,'guest@drumee.com','guest@drumee.net'),(300,5,'regis@drumee.com','regis@drumee.net'),(301,5,'regis@drumee.com','regis@drumee.net'),(302,5,'regis@drumee.com','regis@drumee.net'),(303,5,'zheu@drumee.com','zheu@drumee.net'),(304,5,'pavel@drumee.com','pavel@drumee.net'),(305,5,'pavel@drumee.com','pavel@drumee.net'),(306,5,'shadow@drumee.com','shadow@drumee.net'),(307,5,'pavel@drumee.com','pavel@drumee.net'),(308,5,'pavel@drumee.com','pavel@drumee.net'),(309,5,'pavel@drumee.com','pavel@drumee.net'),(310,5,'pavel@drumee.com','pavel@drumee.net'),(311,5,'pavel@drumee.com','pavel@drumee.net'),(312,5,'pavel@drumee.com','pavel@drumee.net'),(313,5,'pavel@drumee.com','pavel@drumee.net'),(314,5,'stanislas@drumee.com','stanislas@drumee.net'),(315,5,'regis@drumee.com','regis@drumee.net'),(316,5,'pavel@drumee.com','pavel@drumee.net'),(317,5,'lin@drumee.com','lin@drumee.net'),(318,5,'lin@drumee.com','lin@drumee.net'),(319,5,'lin@drumee.com','lin@drumee.net'),(320,5,'trevor@drumee.com','trevor@drumee.net'),(321,5,'paul@drumee.com','paul@drumee.net'),(322,5,'test2@drumee.com','test2@drumee.net'),(323,5,'celiana@drumee.com','celiana@drumee.net'),(324,5,'celiana@drumee.com','celiana@drumee.net'),(325,5,'punithavathy@drumee.com','punithavathy@drumee.net'),(326,5,'ulukbek@drumee.com','ulukbek@drumee.net'),(327,5,'ulukbek@drumee.com','ulukbek@drumee.net'),(328,5,'pavel@drumee.com','pavel@drumee.net'),(329,5,'stanislas@drumee.com','stanislas@drumee.net'),(332,5,'gopitest@drumee.com','gopitest@drumee.net'),(333,5,'gopisakthi@drumee.com','gopisakthi@drumee.net'),(334,5,'gopisakthi1@drumee.com','gopisakthi1@drumee.net'),(335,5,'mathu1@drumee.com','mathu1@drumee.net'),(338,5,'tamil1@drumee.com','tamil1@drumee.net'),(339,5,'tamil2@drumee.com','tamil2@drumee.net'),(340,5,'gopirajesh1@drumee.com','gopirajesh1@drumee.net'),(341,5,'gopiboy1@drumee.com','gopiboy1@drumee.net'),(342,5,'gopiboy12@drumee.com','gopiboy12@drumee.net'),(343,5,'gopiHORSE@drumee.com','gopiHORSE@drumee.net'),(344,5,'gopiHORSE1@drumee.com','gopiHORSE1@drumee.net'),(345,5,'florent@drumee.com','florent@drumee.net'),(346,5,'bruno@drumee.com','bruno@drumee.net'),(347,5,'bruno@drumee.com','bruno@drumee.net'),(348,5,'pavel@drumee.com','pavel@drumee.net'),(349,5,'pavel@drumee.com','pavel@drumee.net'),(350,5,'pavel@drumee.com','pavel@drumee.net'),(351,5,'pavel@drumee.com','pavel@drumee.net'),(352,5,'pavel@drumee.com','pavel@drumee.net'),(353,5,'pavel@drumee.com','pavel@drumee.net'),(354,5,'pavel@drumee.com','pavel@drumee.net'),(355,5,'pavel@drumee.com','pavel@drumee.net'),(356,5,'pavel@drumee.com','pavel@drumee.net'),(357,5,'pavel@drumee.com','pavel@drumee.net'),(358,5,'pavel@drumee.com','pavel@drumee.net'),(359,5,'pavel@drumee.com','pavel@drumee.net'),(360,5,'pavel@drumee.com','pavel@drumee.net'),(361,5,'cel@drumee.com','cel@drumee.net'),(362,5,'cel@drumee.com','cel@drumee.net'),(367,5,'cel2@drumee.com','cel2@drumee.net'),(371,5,'cel3@drumee.com','cel3@drumee.net'),(372,5,'cel2@drumee.com','cel2@drumee.net'),(375,5,'cel4@drumee.com','cel4@drumee.net'),(376,5,'cel5@drumee.com','cel5@drumee.net'),(382,5,'cel6@drumee.com','cel6@drumee.net'),(392,5,'cel5@drumee.com','cel5@drumee.net'),(393,5,'cel5@drumee.com','cel5@drumee.net'),(395,5,'saintgenies@drumee.com','saintgenies@drumee.net'),(396,5,'spivac@drumee.com','spivac@drumee.net'),(397,5,'spivac@drumee.com','spivac@drumee.net'),(398,5,'testuserstan2@drumee.com','testuserstan2@drumee.net'),(399,5,'testuserstan3@drumee.com','testuserstan3@drumee.net'),(400,5,'emmanuelle@drumee.com','emmanuelle@drumee.net'),(401,5,'so@drumee.com','so@drumee.net'),(403,5,'testuserstan4@drumee.com','testuserstan4@drumee.net'),(404,5,'stanislas@drumee.com','stanislas@drumee.net'),(405,5,'xxl@drumee.com','xxl@drumee.net'),(406,5,'xxl@drumee.com','xxl@drumee.net'),(408,5,'xxl@drumee.com','xxl@drumee.net'),(410,5,'xxl@drumee.com','xxl@drumee.net'),(412,5,'xxl@drumee.com','xxl@drumee.net'),(414,5,'stanislas@drumee.com','stanislas@drumee.net'),(418,5,'celx@drumee.com','celx@drumee.net'),(419,5,'celx@drumee.com','celx@drumee.net'),(420,5,'celx@drumee.com','celx@drumee.net'),(421,5,'celx@drumee.com','celx@drumee.net'),(422,5,'2dy9mfeljrume814@drumee.com','2dy9mfeljrume814@drumee.net'),(425,5,'2dy9mfeljrumefu4@drumee.com','2dy9mfeljrumefu4@drumee.net'),(426,5,'2dy9mfeljrumenlg@drumee.com','2dy9mfeljrumenlg@drumee.net'),(427,5,'2dy9mfeljrumeri3@drumee.com','2dy9mfeljrumeri3@drumee.net'),(428,5,'2dy9m2krjszxdo77@drumee.com','2dy9m2krjszxdo77@drumee.net'),(429,5,'2dy9m2krjszxdv76@drumee.com','2dy9m2krjszxdv76@drumee.net'),(430,5,'2dy9m2krjszxe1f6@drumee.com','2dy9m2krjszxe1f6@drumee.net'),(431,5,'2dy9m2krjszxec9j@drumee.com','2dy9m2krjszxec9j@drumee.net'),(432,5,'2dy9m2krjszxec9j@drumee.com','2dy9m2krjszxec9j@drumee.net'),(433,5,'2dy9m2krjszxec9j@drumee.com','2dy9m2krjszxec9j@drumee.net'),(434,5,'2dy9m2krjszxegyb@drumee.com','2dy9m2krjszxegyb@drumee.net'),(435,5,'2dy9m2krjszxegyb@drumee.com','2dy9m2krjszxegyb@drumee.net'),(436,5,'2dy9m2krjszxekut@drumee.com','2dy9m2krjszxekut@drumee.net'),(437,5,'2dy9m2krjszxekut@drumee.com','2dy9m2krjszxekut@drumee.net'),(438,5,'2dy9m2krjszxesmj@drumee.com','2dy9m2krjszxesmj@drumee.net'),(439,5,'2dy9m2krjszxesmj@drumee.com','2dy9m2krjszxesmj@drumee.net'),(440,5,'null@drumee.com','null@drumee.net'),(441,5,'null@drumee.com','null@drumee.net'),(442,5,'somanos1@drumee.com','somanos1@drumee.net'),(443,5,'somanos1@drumee.com','somanos1@drumee.net'),(444,5,'rachel@drumee.com','rachel@drumee.net'),(445,5,'rachel@drumee.com','rachel@drumee.net'),(446,5,'Ident@drumee.com','Ident@drumee.net'),(447,5,'Ident@drumee.com','Ident@drumee.net'),(448,5,'fivosdimitri@drumee.com','fivosdimitri@drumee.net'),(449,5,'fivosdimitri@drumee.com','fivosdimitri@drumee.net'),(450,5,'ncdroin@drumee.com','ncdroin@drumee.net'),(451,5,'ncdroin@drumee.com','ncdroin@drumee.net'),(452,5,'minouche@drumee.com','minouche@drumee.net'),(453,5,'minouche@drumee.com','minouche@drumee.net'),(454,5,'dpa@drumee.com','dpa@drumee.net'),(455,5,'dpa@drumee.com','dpa@drumee.net'),(462,5,'amandine@drumee.com','amandine@drumee.net'),(463,5,'theophane@drumee.com','theophane@drumee.net'),(464,5,'celiana@drumee.com','celiana@drumee.net'),(465,5,'celiana@drumee.com','celiana@drumee.net'),(466,5,'celiana@drumee.com','celiana@drumee.net'),(467,5,'celiana@drumee.com','celiana@drumee.net'),(468,5,'somanossar1@drumee.com','somanossar1@drumee.net'),(469,5,'somanossar1@drumee.com','somanossar1@drumee.net'),(470,5,'somanossar1@drumee.com','somanossar1@drumee.net'),(471,5,'touti@drumee.com','touti@drumee.net'),(472,5,'touti@drumee.com','touti@drumee.net'),(525,5,'samantha@drumee.com','samantha@drumee.net'),(526,5,'samantha@drumee.com','samantha@drumee.net'),(527,5,'rl@drumee.com','rl@drumee.net'),(528,5,'rl@drumee.com','rl@drumee.net'),(529,5,'samantha@drumee.com','samantha@drumee.net'),(530,5,'devaraxm@drumee.com','devaraxm@drumee.net'),(531,5,'devaraxm@drumee.com','devaraxm@drumee.net'),(534,5,'odise1@drumee.com','odise1@drumee.net'),(535,5,'odise1@drumee.com','odise1@drumee.net'),(548,5,'regis@drumee.com','regis@drumee.net'),(549,5,'hmarande@drumee.com','hmarande@drumee.net'),(550,5,'hmarande@drumee.com','hmarande@drumee.net'),(557,5,'hmarande@drumee.com','hmarande@drumee.net'),(558,5,'hmarande@drumee.com','hmarande@drumee.net'),(559,5,'ncdroin@drumee.com','ncdroin@drumee.net'),(560,5,'yann1@drumee.com','yann1@drumee.net'),(561,5,'yann1@drumee.com','yann1@drumee.net'),(564,5,'r@drumee.com','r@drumee.net'),(565,5,'r@drumee.com','r@drumee.net'),(566,5,'som@drumee.com','som@drumee.net'),(567,5,'som@drumee.com','som@drumee.net'),(568,5,'som@drumee.com','som@drumee.net'),(569,5,'som@drumee.com','som@drumee.net'),(570,5,'som@drumee.com','som@drumee.net'),(571,5,'som@drumee.com','som@drumee.net'),(572,5,'dimitridroin@drumee.com','dimitridroin@drumee.net'),(573,5,'dimitridroin@drumee.com','dimitridroin@drumee.net'),(616,5,'dimitridroin@drumee.com','dimitridroin@drumee.net'),(617,5,'pexi@drumee.com','pexi@drumee.net'),(618,5,'pexi@drumee.com','pexi@drumee.net'),(635,5,'dillibabus@drumee.com','dillibabus@drumee.net'),(636,5,'dillibabus@drumee.com','dillibabus@drumee.net'),(641,5,'dillibabus@drumee.com','dillibabus@drumee.net'),(642,5,'dillibabus@drumee.com','dillibabus@drumee.net'),(643,5,'dillibabus@drumee.com','dillibabus@drumee.net'),(644,5,'dillibabus@drumee.com','dillibabus@drumee.net'),(647,5,'guhanp@drumee.com','guhanp@drumee.net'),(648,5,'guhanp@drumee.com','guhanp@drumee.net'),(649,5,'saravananc@drumee.com','saravananc@drumee.net'),(650,5,'saravananc@drumee.com','saravananc@drumee.net'),(651,5,'vijayabalanv@drumee.com','vijayabalanv@drumee.net'),(652,5,'vijayabalanv@drumee.com','vijayabalanv@drumee.net'),(653,5,'guhanp@drumee.com','guhanp@drumee.net'),(654,5,'mdevarax1@drumee.com','mdevarax1@drumee.net'),(655,5,'mdevarax1@drumee.com','mdevarax1@drumee.net'),(656,5,'foulques@drumee.com','foulques@drumee.net'),(657,5,'amandine@drumee.com','amandine@drumee.net'),(658,5,'theophane@drumee.com','theophane@drumee.net'),(659,5,'somanos1@drumee.com','somanos1@drumee.net'),(660,5,'somanos1@drumee.com','somanos1@drumee.net'),(661,5,'theo@drumee.com','theo@drumee.net'),(662,5,'theo@drumee.com','theo@drumee.net'),(663,5,'adriaantrampe@drumee.com','adriaantrampe@drumee.net'),(664,5,'adriaantrampe@drumee.com','adriaantrampe@drumee.net'),(665,5,'n@drumee.com','n@drumee.net'),(666,5,'n@drumee.com','n@drumee.net'),(667,5,'c@drumee.com','c@drumee.net'),(668,5,'c@drumee.com','c@drumee.net'),(671,5,'koko@drumee.com','koko@drumee.net'),(672,5,'koko@drumee.com','koko@drumee.net'),(673,5,'olivier1@drumee.com','olivier1@drumee.net'),(674,5,'olivier1@drumee.com','olivier1@drumee.net'),(675,5,'olivier2@drumee.com','olivier2@drumee.net'),(676,5,'olivier2@drumee.com','olivier2@drumee.net'),(677,5,'romain1@drumee.com','romain1@drumee.net'),(678,5,'romain1@drumee.com','romain1@drumee.net'),(679,5,'d@drumee.com','d@drumee.net'),(680,5,'d@drumee.com','d@drumee.net'),(681,5,'somanos1@drumee.com','somanos1@drumee.net'),(682,5,'somanos1@drumee.com','somanos1@drumee.net'),(683,5,'somanos1@drumee.com','somanos1@drumee.net'),(684,5,'somanos1@drumee.com','somanos1@drumee.net'),(685,6,'somanos1@drumee.fr','somanos1@drumee.net'),(686,6,'somanos1@drumee.fr','somanos1@drumee.net'),(687,6,'somanos1@drumee.fr','somanos1@drumee.net'),(688,6,'m@drumee.fr','m@drumee.net'),(689,6,'m@drumee.fr','m@drumee.net'),(690,6,'celiana@drumee.fr','celiana@drumee.net'),(691,6,'samantha@drumee.fr','samantha@drumee.net'),(692,6,'som@drumee.fr','som@drumee.net'),(693,6,'som@drumee.fr','som@drumee.net'),(694,6,'kt@drumee.fr','kt@drumee.net'),(695,6,'kt@drumee.fr','kt@drumee.net'),(696,6,'somanos2@drumee.fr','somanos2@drumee.net'),(697,6,'somanos2@drumee.fr','somanos2@drumee.net'),(698,6,'florent1@drumee.fr','florent1@drumee.net'),(699,6,'florent1@drumee.fr','florent1@drumee.net'),(700,6,'avasse@drumee.fr','avasse@drumee.net'),(701,6,'avasse@drumee.fr','avasse@drumee.net'),(702,6,'clement@drumee.fr','clement@drumee.net'),(703,6,'clement@drumee.fr','clement@drumee.net'),(704,6,'emmanuelle1@drumee.fr','emmanuelle1@drumee.net'),(705,6,'emmanuelle1@drumee.fr','emmanuelle1@drumee.net'),(706,6,'somanos@drumee.fr','somanos@drumee.net'),(707,6,'francoisvalledia@drumee.fr','francoisvalledia@drumee.net'),(708,6,'francoisvalledia@drumee.fr','francoisvalledia@drumee.net'),(709,6,'brunatto@drumee.fr','brunatto@drumee.net'),(710,6,'brunatto@drumee.fr','brunatto@drumee.net'),(711,6,'cecile@drumee.fr','cecile@drumee.net'),(712,6,'cecile@drumee.fr','cecile@drumee.net'),(713,6,'nisel@drumee.fr','nisel@drumee.net'),(714,6,'nisel@drumee.fr','nisel@drumee.net'),(715,6,'philippe@drumee.fr','philippe@drumee.net'),(716,6,'philippe@drumee.fr','philippe@drumee.net'),(717,6,'v@drumee.fr','v@drumee.net'),(718,6,'v@drumee.fr','v@drumee.net'),(833,6,'martin@drumee.fr','martin@drumee.net'),(834,6,'martin@drumee.fr','martin@drumee.net'),(835,6,'v@drumee.fr','v@drumee.net'),(836,5,'christelle1@drumee.com','christelle1@drumee.net'),(837,5,'christelle1@drumee.com','christelle1@drumee.net'),(838,5,'v@drumee.com','v@drumee.net'),(839,5,'guillaume1@drumee.com','guillaume1@drumee.net'),(840,5,'guillaume1@drumee.com','guillaume1@drumee.net'),(841,5,'amandine@drumee.com','amandine@drumee.net'),(842,5,'pranjithkumar@drumee.com','pranjithkumar@drumee.net'),(843,5,'pranjithkumar@drumee.com','pranjithkumar@drumee.net'),(852,5,'pavelkutirev@drumee.com','pavelkutirev@drumee.net'),(853,5,'pavelkutirev@drumee.com','pavelkutirev@drumee.net'),(856,5,'yann2@drumee.com','yann2@drumee.net'),(857,5,'yann2@drumee.com','yann2@drumee.net'),(860,5,'d@drumee.com','d@drumee.net'),(861,5,'regis1@drumee.com','regis1@drumee.net'),(862,5,'regis1@drumee.com','regis1@drumee.net'),(869,5,'somanossar@drumee.com','somanossar@drumee.net'),(870,5,'contact@drumee.com','contact@drumee.net'),(871,5,'contact@drumee.com','contact@drumee.net'),(872,5,'contact@drumee.com','contact@drumee.net'),(873,5,'contact@drumee.com','contact@drumee.net'),(882,5,'contact@drumee.com','contact@drumee.net'),(883,5,'contact@drumee.com','contact@drumee.net'),(884,5,'regis2@drumee.com','regis2@drumee.net'),(885,5,'regis2@drumee.com','regis2@drumee.net'),(886,5,'contact@drumee.com','contact@drumee.net'),(887,5,'contact@drumee.com','contact@drumee.net'),(888,5,'contact@drumee.com','contact@drumee.net'),(889,5,'contact@drumee.com','contact@drumee.net'),(890,5,'contact@drumee.com','contact@drumee.net'),(891,5,'contact@drumee.com','contact@drumee.net'),(892,5,'contact@drumee.com','contact@drumee.net'),(893,5,'contact@drumee.com','contact@drumee.net'),(894,5,'contact@drumee.com','contact@drumee.net'),(895,5,'contact@drumee.com','contact@drumee.net'),(896,5,'contact@drumee.com','contact@drumee.net'),(897,5,'contact@drumee.com','contact@drumee.net'),(906,5,'contact@drumee.com','contact@drumee.net'),(907,5,'contact@drumee.com','contact@drumee.net'),(908,5,'contact@drumee.com','contact@drumee.net'),(909,5,'contact@drumee.com','contact@drumee.net'),(910,5,'contact@drumee.com','contact@drumee.net'),(911,5,'contact@drumee.com','contact@drumee.net'),(912,5,'genies@drumee.com','genies@drumee.net'),(913,5,'contact@drumee.com','contact@drumee.net'),(914,5,'contact@drumee.com','contact@drumee.net'),(915,5,'fcschubert@drumee.com','fcschubert@drumee.net'),(916,5,'fcschubert@drumee.com','fcschubert@drumee.net'),(917,5,'contact@drumee.com','contact@drumee.net'),(918,5,'contact@drumee.com','contact@drumee.net'),(919,5,'contact@drumee.com','contact@drumee.net'),(920,5,'contact@drumee.com','contact@drumee.net'),(921,5,'contact@drumee.com','contact@drumee.net'),(922,5,'contact@drumee.com','contact@drumee.net'),(923,5,'contact@drumee.com','contact@drumee.net'),(924,5,'contact@drumee.com','contact@drumee.net'),(925,5,'contact@drumee.com','contact@drumee.net'),(926,5,'contact@drumee.com','contact@drumee.net'),(927,5,'contact@drumee.com','contact@drumee.net'),(928,5,'contact@drumee.com','contact@drumee.net'),(929,5,'arun@drumee.com','arun@drumee.net'),(930,5,'arun@drumee.com','arun@drumee.net'),(931,5,'tr@drumee.com','tr@drumee.net'),(932,5,'tr@drumee.com','tr@drumee.net'),(933,5,'rl@drumee.com','rl@drumee.net'),(934,5,'rl@drumee.com','rl@drumee.net'),(935,5,'contact@drumee.com','contact@drumee.net'),(936,5,'contact@drumee.com','contact@drumee.net'),(937,5,'dataroom@drumee.com','dataroom@drumee.net'),(938,5,'dataroom@drumee.com','dataroom@drumee.net'),(939,5,'tdebeler@drumee.com','tdebeler@drumee.net'),(940,5,'tdebeler@drumee.com','tdebeler@drumee.net'),(941,5,'guillotinevodka@drumee.com','guillotinevodka@drumee.net'),(942,5,'guillotinevodka@drumee.com','guillotinevodka@drumee.net'),(943,5,'toranjith@drumee.com','toranjith@drumee.net'),(944,5,'toranjith@drumee.com','toranjith@drumee.net'),(945,5,'nikita@drumee.com','nikita@drumee.net'),(946,5,'nikita@drumee.com','nikita@drumee.net'),(947,5,'@drumee.com','@drumee.net'),(948,5,'@drumee.com','@drumee.net'),(955,5,'mdarcimoles@drumee.com','mdarcimoles@drumee.net'),(956,5,'mdarcimoles@drumee.com','mdarcimoles@drumee.net'),(957,5,'spelletier@drumee.com','spelletier@drumee.net'),(958,5,'spelletier@drumee.com','spelletier@drumee.net'),(959,5,'mdelarochefoucauld@drumee.com','mdelarochefoucauld@drumee.net'),(960,5,'mdelarochefoucauld@drumee.com','mdelarochefoucauld@drumee.net'),(961,5,'eleclerc@drumee.com','eleclerc@drumee.net'),(962,5,'eleclerc@drumee.com','eleclerc@drumee.net'),(963,5,'edangy@drumee.com','edangy@drumee.net'),(964,5,'edangy@drumee.com','edangy@drumee.net'),(965,5,'pforissier@drumee.com','pforissier@drumee.net'),(966,5,'pforissier@drumee.com','pforissier@drumee.net'),(967,5,'bkeravel@drumee.com','bkeravel@drumee.net'),(968,5,'bkeravel@drumee.com','bkeravel@drumee.net'),(969,5,'realestate@drumee.com','realestate@drumee.net'),(970,5,'realestate@drumee.com','realestate@drumee.net'),(971,5,'thibautgs@drumee.com','thibautgs@drumee.net'),(972,5,'thibautgs@drumee.com','thibautgs@drumee.net'),(973,5,'aymericgs@drumee.com','aymericgs@drumee.net'),(974,5,'aymericgs@drumee.com','aymericgs@drumee.net'),(975,5,'colombegs@drumee.com','colombegs@drumee.net'),(976,5,'colombegs@drumee.com','colombegs@drumee.net'),(977,5,'colombangs@drumee.com','colombangs@drumee.net'),(978,5,'colombangs@drumee.com','colombangs@drumee.net'),(979,5,'antoinettecp@drumee.com','antoinettecp@drumee.net'),(980,5,'antoinettecp@drumee.com','antoinettecp@drumee.net'),(981,5,'eloicp@drumee.com','eloicp@drumee.net'),(982,5,'eloicp@drumee.com','eloicp@drumee.net'),(983,5,'foucauldcp@drumee.com','foucauldcp@drumee.net'),(984,5,'foucauldcp@drumee.com','foucauldcp@drumee.net'),(985,5,'eloisecp@drumee.com','eloisecp@drumee.net'),(986,5,'eloisecp@drumee.com','eloisecp@drumee.net'),(987,5,'berenicecp@drumee.com','berenicecp@drumee.net'),(988,5,'berenicecp@drumee.com','berenicecp@drumee.net'),(989,5,'priscillecp@drumee.com','priscillecp@drumee.net'),(990,5,'priscillecp@drumee.com','priscillecp@drumee.net'),(991,5,'matthiasce1@drumee.com','matthiasce1@drumee.net'),(992,5,'matthiasce1@drumee.com','matthiasce1@drumee.net'),(993,5,'francece1@drumee.com','francece1@drumee.net'),(994,5,'francece1@drumee.com','francece1@drumee.net'),(995,5,'maelce1@drumee.com','maelce1@drumee.net'),(996,5,'maelce1@drumee.com','maelce1@drumee.net'),(997,5,'jeannece1@drumee.com','jeannece1@drumee.net'),(998,5,'jeannece1@drumee.com','jeannece1@drumee.net'),(999,5,'benoitmce1@drumee.com','benoitmce1@drumee.net'),(1000,5,'benoitmce1@drumee.com','benoitmce1@drumee.net'),(1001,5,'domitillece1@drumee.com','domitillece1@drumee.net'),(1002,5,'domitillece1@drumee.com','domitillece1@drumee.net'),(1003,5,'cecilece1@drumee.com','cecilece1@drumee.net'),(1004,5,'cecilece1@drumee.com','cecilece1@drumee.net'),(1005,5,'madeleinece1@drumee.com','madeleinece1@drumee.net'),(1006,5,'madeleinece1@drumee.com','madeleinece1@drumee.net'),(1007,5,'alexandrece1@drumee.com','alexandrece1@drumee.net'),(1008,5,'alexandrece1@drumee.com','alexandrece1@drumee.net'),(1009,5,'benoitsce1@drumee.com','benoitsce1@drumee.net'),(1010,5,'benoitsce1@drumee.com','benoitsce1@drumee.net'),(1011,5,'leonce1@drumee.com','leonce1@drumee.net'),(1012,5,'leonce1@drumee.com','leonce1@drumee.net'),(1013,5,'mariece2@drumee.com','mariece2@drumee.net'),(1014,5,'mariece2@drumee.com','mariece2@drumee.net'),(1015,5,'ronance2@drumee.com','ronance2@drumee.net'),(1016,5,'ronance2@drumee.com','ronance2@drumee.net'),(1017,5,'annemariece2@drumee.com','annemariece2@drumee.net'),(1018,5,'annemariece2@drumee.com','annemariece2@drumee.net'),(1019,5,'sarahce2@drumee.com','sarahce2@drumee.net'),(1020,5,'sarahce2@drumee.com','sarahce2@drumee.net'),(1021,5,'yannce2@drumee.com','yannce2@drumee.net'),(1022,5,'yannce2@drumee.com','yannce2@drumee.net'),(1023,5,'simeonce2@drumee.com','simeonce2@drumee.net'),(1024,5,'simeonce2@drumee.com','simeonce2@drumee.net'),(1025,5,'domitillece2@drumee.com','domitillece2@drumee.net'),(1026,5,'domitillece2@drumee.com','domitillece2@drumee.net'),(1027,5,'gracece2@drumee.com','gracece2@drumee.net'),(1028,5,'gracece2@drumee.com','gracece2@drumee.net'),(1029,5,'clarissecm1@drumee.com','clarissecm1@drumee.net'),(1030,5,'clarissecm1@drumee.com','clarissecm1@drumee.net'),(1031,5,'gregoirecm1@drumee.com','gregoirecm1@drumee.net'),(1032,5,'gregoirecm1@drumee.com','gregoirecm1@drumee.net'),(1033,5,'klervicm1@drumee.com','klervicm1@drumee.net'),(1034,5,'klervicm1@drumee.com','klervicm1@drumee.net'),(1035,5,'benoitcm1@drumee.com','benoitcm1@drumee.net'),(1036,5,'benoitcm1@drumee.com','benoitcm1@drumee.net'),(1037,5,'faustinecm1@drumee.com','faustinecm1@drumee.net'),(1038,5,'faustinecm1@drumee.com','faustinecm1@drumee.net'),(1039,5,'corentincm1@drumee.com','corentincm1@drumee.net'),(1040,5,'corentincm1@drumee.com','corentincm1@drumee.net'),(1041,5,'brieuxcm1@drumee.com','brieuxcm1@drumee.net'),(1042,5,'brieuxcm1@drumee.com','brieuxcm1@drumee.net'),(1043,5,'elisabethcm1@drumee.com','elisabethcm1@drumee.net'),(1044,5,'elisabethcm1@drumee.com','elisabethcm1@drumee.net'),(1045,5,'ombelinecm1@drumee.com','ombelinecm1@drumee.net'),(1046,5,'ombelinecm1@drumee.com','ombelinecm1@drumee.net'),(1047,5,'thomascm1@drumee.com','thomascm1@drumee.net'),(1048,5,'thomascm1@drumee.com','thomascm1@drumee.net'),(1049,5,'comecm2@drumee.com','comecm2@drumee.net'),(1050,5,'comecm2@drumee.com','comecm2@drumee.net'),(1051,5,'eliemariecm2@drumee.com','eliemariecm2@drumee.net'),(1052,5,'eliemariecm2@drumee.com','eliemariecm2@drumee.net'),(1053,5,'alixcm2@drumee.com','alixcm2@drumee.net'),(1054,5,'alixcm2@drumee.com','alixcm2@drumee.net'),(1055,5,'corentincm2@drumee.com','corentincm2@drumee.net'),(1056,5,'corentincm2@drumee.com','corentincm2@drumee.net'),(1057,5,'marioncm2@drumee.com','marioncm2@drumee.net'),(1058,5,'marioncm2@drumee.com','marioncm2@drumee.net'),(1059,5,'contact1@drumee.com','contact1@drumee.net'),(1060,5,'contact1@drumee.com','contact1@drumee.net'),(1061,5,'contact@drumee.com','contact@drumee.net'),(1062,5,'estelle@drumee.com','estelle@drumee.net'),(1063,5,'estelle@drumee.com','estelle@drumee.net'),(1064,5,'alln@drumee.com','alln@drumee.net'),(1065,5,'alln@drumee.com','alln@drumee.net'),(1066,5,'alls@drumee.com','alls@drumee.net'),(1067,5,'alls@drumee.com','alls@drumee.net'),(1068,5,'baud@drumee.com','baud@drumee.net'),(1069,5,'baud@drumee.com','baud@drumee.net'),(1070,5,'beau@drumee.com','beau@drumee.net'),(1071,5,'beau@drumee.com','beau@drumee.net'),(1072,5,'desa@drumee.com','desa@drumee.net'),(1073,5,'desa@drumee.com','desa@drumee.net'),(1074,5,'dupl@drumee.com','dupl@drumee.net'),(1075,5,'dupl@drumee.com','dupl@drumee.net'),(1076,5,'hato@drumee.com','hato@drumee.net'),(1077,5,'hato@drumee.com','hato@drumee.net'),(1078,5,'hery@drumee.com','hery@drumee.net'),(1079,5,'hery@drumee.com','hery@drumee.net'),(1080,5,'hot1@drumee.com','hot1@drumee.net'),(1081,5,'hot1@drumee.com','hot1@drumee.net'),(1082,5,'janv@drumee.com','janv@drumee.net'),(1083,5,'janv@drumee.com','janv@drumee.net'),(1084,5,'joly@drumee.com','joly@drumee.net'),(1085,5,'joly@drumee.com','joly@drumee.net'),(1086,5,'monn@drumee.com','monn@drumee.net'),(1087,5,'monn@drumee.com','monn@drumee.net'),(1088,5,'roch@drumee.com','roch@drumee.net'),(1089,5,'roch@drumee.com','roch@drumee.net'),(1090,5,'dort@drumee.com','dort@drumee.net'),(1091,5,'dort@drumee.com','dort@drumee.net'),(1092,5,'lucc@drumee.com','lucc@drumee.net'),(1093,5,'lucc@drumee.com','lucc@drumee.net'),(1094,5,'luan@drumee.com','luan@drumee.net'),(1095,5,'luan@drumee.com','luan@drumee.net'),(1096,5,'mark@drumee.com','mark@drumee.net'),(1097,5,'mark@drumee.com','mark@drumee.net'),(1098,5,'pina@drumee.com','pina@drumee.net'),(1099,5,'pina@drumee.com','pina@drumee.net'),(1100,5,'plai@drumee.com','plai@drumee.net'),(1101,5,'plai@drumee.com','plai@drumee.net'),(1102,5,'quen@drumee.com','quen@drumee.net'),(1103,5,'quen@drumee.com','quen@drumee.net'),(1104,5,'ragu@drumee.com','ragu@drumee.net'),(1105,5,'ragu@drumee.com','ragu@drumee.net'),(1106,5,'saut@drumee.com','saut@drumee.net'),(1107,5,'saut@drumee.com','saut@drumee.net'),(1108,5,'laraiemantha@drumee.com','laraiemantha@drumee.net'),(1109,5,'laraiemantha@drumee.com','laraiemantha@drumee.net'),(1110,5,'som@drumee.com','som@drumee.net'),(1111,5,'som@drumee.com','som@drumee.net'),(1112,5,'som@drumee.com','som@drumee.net'),(1113,5,'som@drumee.com','som@drumee.net'),(1114,5,'som@drumee.com','som@drumee.net'),(1115,5,'som@drumee.com','som@drumee.net'),(1116,5,'som@drumee.com','som@drumee.net'),(1117,5,'som@drumee.com','som@drumee.net'),(1118,5,'som@drumee.com','som@drumee.net'),(1119,5,'som@drumee.com','som@drumee.net'),(1120,5,'clairemarguet@drumee.com','clairemarguet@drumee.net'),(1121,5,'clairemarguet@drumee.com','clairemarguet@drumee.net'),(1122,5,'remy@drumee.com','remy@drumee.net'),(1123,5,'remy@drumee.com','remy@drumee.net'),(1124,5,'celiana2@drumee.com','celiana2@drumee.net'),(1125,5,'ak@drumee.com','ak@drumee.net'),(1126,5,'ak@drumee.com','ak@drumee.net'),(1127,5,'celiana2@drumee.com','celiana2@drumee.net'),(1128,5,'estelle@drumee.com','estelle@drumee.net'),(1129,5,'laraiemantha@drumee.com','laraiemantha@drumee.net'),(1130,5,'laraiemantha@drumee.com','laraiemantha@drumee.net'),(1131,5,'jobbeduvalfc1@drumee.com','jobbeduvalfc1@drumee.net'),(1132,5,'jobbeduvalfc1@drumee.com','jobbeduvalfc1@drumee.net'),(1133,5,'jobbeduvalfc1@drumee.com','jobbeduvalfc1@drumee.net'),(1134,5,'jobbeduvalfc1@drumee.com','jobbeduvalfc1@drumee.net'),(1135,5,'bonnafosfc1@drumee.com','bonnafosfc1@drumee.net'),(1136,5,'bonnafosfc1@drumee.com','bonnafosfc1@drumee.net'),(1137,5,'guesdonfc1@drumee.com','guesdonfc1@drumee.net'),(1138,5,'guesdonfc1@drumee.com','guesdonfc1@drumee.net'),(1139,5,'guillemninetfc1@drumee.com','guillemninetfc1@drumee.net'),(1140,5,'guillemninetfc1@drumee.com','guillemninetfc1@drumee.net'),(1141,5,'perdereaufc1@drumee.com','perdereaufc1@drumee.net'),(1142,5,'perdereaufc1@drumee.com','perdereaufc1@drumee.net'),(1143,5,'piotfc1@drumee.com','piotfc1@drumee.net'),(1144,5,'piotfc1@drumee.com','piotfc1@drumee.net'),(1145,5,'balathierfc1@drumee.com','balathierfc1@drumee.net'),(1146,5,'balathierfc1@drumee.com','balathierfc1@drumee.net'),(1147,5,'lecontefc1@drumee.com','lecontefc1@drumee.net'),(1148,5,'lecontefc1@drumee.com','lecontefc1@drumee.net'),(1149,5,'raffrayfc1@drumee.com','raffrayfc1@drumee.net'),(1150,5,'raffrayfc1@drumee.com','raffrayfc1@drumee.net'),(1151,5,'vergnaultfc1@drumee.com','vergnaultfc1@drumee.net'),(1152,5,'vergnaultfc1@drumee.com','vergnaultfc1@drumee.net'),(1153,5,'daniaultfc1@drumee.com','daniaultfc1@drumee.net'),(1154,5,'daniaultfc1@drumee.com','daniaultfc1@drumee.net'),(1155,5,'bernardeaufc1@drumee.com','bernardeaufc1@drumee.net'),(1156,5,'bernardeaufc1@drumee.com','bernardeaufc1@drumee.net'),(1157,5,'guillebonderesnesfc1@drumee.com','guillebonderesnesfc1@drumee.net'),(1158,5,'guillebonderesnesfc1@drumee.com','guillebonderesnesfc1@drumee.net'),(1159,5,'guettrefc1@drumee.com','guettrefc1@drumee.net'),(1160,5,'guettrefc1@drumee.com','guettrefc1@drumee.net'),(1161,5,'champsdesaintlegerfc1@drumee.com','champsdesaintlegerfc1@drumee.net'),(1162,5,'champsdesaintlegerfc1@drumee.com','champsdesaintlegerfc1@drumee.net'),(1163,5,'meneyfc1@drumee.com','meneyfc1@drumee.net'),(1164,5,'meneyfc1@drumee.com','meneyfc1@drumee.net'),(1165,5,'ponsinetdesivryfa1@drumee.com','ponsinetdesivryfa1@drumee.net'),(1166,5,'ponsinetdesivryfa1@drumee.com','ponsinetdesivryfa1@drumee.net'),(1167,5,'vergnettefa1@drumee.com','vergnettefa1@drumee.net'),(1168,5,'vergnettefa1@drumee.com','vergnettefa1@drumee.net'),(1169,5,'bruerefa1@drumee.com','bruerefa1@drumee.net'),(1170,5,'bruerefa1@drumee.com','bruerefa1@drumee.net'),(1171,5,'lacroptedechanteracfa1@drumee.com','lacroptedechanteracfa1@drumee.net'),(1172,5,'lacroptedechanteracfa1@drumee.com','lacroptedechanteracfa1@drumee.net'),(1173,5,'boucheriefa1@drumee.com','boucheriefa1@drumee.net'),(1174,5,'boucheriefa1@drumee.com','boucheriefa1@drumee.net'),(1175,5,'bonifa1@drumee.com','bonifa1@drumee.net'),(1176,5,'bonifa1@drumee.com','bonifa1@drumee.net'),(1177,5,'surydaspremontfa1@drumee.com','surydaspremontfa1@drumee.net'),(1178,5,'surydaspremontfa1@drumee.com','surydaspremontfa1@drumee.net'),(1179,5,'boudouxfa1@drumee.com','boudouxfa1@drumee.net'),(1180,5,'boudouxfa1@drumee.com','boudouxfa1@drumee.net'),(1181,5,'cortassafa1@drumee.com','cortassafa1@drumee.net'),(1182,5,'cortassafa1@drumee.com','cortassafa1@drumee.net'),(1183,5,'hablotfa1@drumee.com','hablotfa1@drumee.net'),(1184,5,'hablotfa1@drumee.com','hablotfa1@drumee.net'),(1185,5,'lhuillierfa1@drumee.com','lhuillierfa1@drumee.net'),(1186,5,'lhuillierfa1@drumee.com','lhuillierfa1@drumee.net'),(1187,5,'croissantfa1@drumee.com','croissantfa1@drumee.net'),(1188,5,'croissantfa1@drumee.com','croissantfa1@drumee.net'),(1189,5,'blouerefa1@drumee.com','blouerefa1@drumee.net'),(1190,5,'blouerefa1@drumee.com','blouerefa1@drumee.net'),(1191,5,'leroyfa1@drumee.com','leroyfa1@drumee.net'),(1192,5,'leroyfa1@drumee.com','leroyfa1@drumee.net'),(1193,5,'gouriofa1@drumee.com','gouriofa1@drumee.net'),(1194,5,'gouriofa1@drumee.com','gouriofa1@drumee.net'),(1195,5,'hachardfa1@drumee.com','hachardfa1@drumee.net'),(1196,5,'hachardfa1@drumee.com','hachardfa1@drumee.net'),(1197,5,'lanlayfa1@drumee.com','lanlayfa1@drumee.net'),(1198,5,'lanlayfa1@drumee.com','lanlayfa1@drumee.net'),(1199,5,'chardonfa21@drumee.com','chardonfa21@drumee.net'),(1200,5,'chardonfa21@drumee.com','chardonfa21@drumee.net'),(1201,5,'pelissierfa21@drumee.com','pelissierfa21@drumee.net'),(1202,5,'pelissierfa21@drumee.com','pelissierfa21@drumee.net'),(1203,5,'hanotelfa21@drumee.com','hanotelfa21@drumee.net'),(1204,5,'hanotelfa21@drumee.com','hanotelfa21@drumee.net'),(1205,5,'malaussenefa21@drumee.com','malaussenefa21@drumee.net'),(1206,5,'malaussenefa21@drumee.com','malaussenefa21@drumee.net'),(1207,5,'fretinfa21@drumee.com','fretinfa21@drumee.net'),(1208,5,'fretinfa21@drumee.com','fretinfa21@drumee.net'),(1209,5,'monneyronfa21@drumee.com','monneyronfa21@drumee.net'),(1210,5,'monneyronfa21@drumee.com','monneyronfa21@drumee.net'),(1211,5,'pageaudfa21@drumee.com','pageaudfa21@drumee.net'),(1212,5,'pageaudfa21@drumee.com','pageaudfa21@drumee.net'),(1213,5,'joussementfa21@drumee.com','joussementfa21@drumee.net'),(1214,5,'joussementfa21@drumee.com','joussementfa21@drumee.net'),(1215,5,'poirotfa21@drumee.com','poirotfa21@drumee.net'),(1216,5,'poirotfa21@drumee.com','poirotfa21@drumee.net'),(1217,5,'godineaufa21@drumee.com','godineaufa21@drumee.net'),(1218,5,'godineaufa21@drumee.com','godineaufa21@drumee.net'),(1219,5,'brabantfa21@drumee.com','brabantfa21@drumee.net'),(1220,5,'brabantfa21@drumee.com','brabantfa21@drumee.net'),(1221,5,'robillardfa21@drumee.com','robillardfa21@drumee.net'),(1222,5,'robillardfa21@drumee.com','robillardfa21@drumee.net'),(1223,5,'langloisfa21@drumee.com','langloisfa21@drumee.net'),(1224,5,'langloisfa21@drumee.com','langloisfa21@drumee.net'),(1225,5,'huteaufa21@drumee.com','huteaufa21@drumee.net'),(1226,5,'huteaufa21@drumee.com','huteaufa21@drumee.net'),(1227,5,'valadierfa21@drumee.com','valadierfa21@drumee.net'),(1228,5,'valadierfa21@drumee.com','valadierfa21@drumee.net'),(1229,5,'clemencefa21@drumee.com','clemencefa21@drumee.net'),(1230,5,'clemencefa21@drumee.com','clemencefa21@drumee.net'),(1231,5,'crousillacfa22@drumee.com','crousillacfa22@drumee.net'),(1232,5,'crousillacfa22@drumee.com','crousillacfa22@drumee.net'),(1233,5,'theillierfa22@drumee.com','theillierfa22@drumee.net'),(1234,5,'theillierfa22@drumee.com','theillierfa22@drumee.net'),(1235,5,'duboisfa22@drumee.com','duboisfa22@drumee.net'),(1236,5,'duboisfa22@drumee.com','duboisfa22@drumee.net'),(1237,5,'pourvreaufa22@drumee.com','pourvreaufa22@drumee.net'),(1238,5,'pourvreaufa22@drumee.com','pourvreaufa22@drumee.net'),(1239,5,'astorgfa22@drumee.com','astorgfa22@drumee.net'),(1240,5,'astorgfa22@drumee.com','astorgfa22@drumee.net'),(1241,5,'bergerfa22@drumee.com','bergerfa22@drumee.net'),(1242,5,'bergerfa22@drumee.com','bergerfa22@drumee.net'),(1243,5,'nicolasfa22@drumee.com','nicolasfa22@drumee.net'),(1244,5,'nicolasfa22@drumee.com','nicolasfa22@drumee.net'),(1245,5,'leferondelongcampfa22@drumee.com','leferondelongcampfa22@drumee.net'),(1246,5,'leferondelongcampfa22@drumee.com','leferondelongcampfa22@drumee.net'),(1247,5,'quatrebarbesfa22@drumee.com','quatrebarbesfa22@drumee.net'),(1248,5,'quatrebarbesfa22@drumee.com','quatrebarbesfa22@drumee.net'),(1249,5,'pensecfa22@drumee.com','pensecfa22@drumee.net'),(1250,5,'pensecfa22@drumee.com','pensecfa22@drumee.net'),(1251,5,'lecontefa22@drumee.com','lecontefa22@drumee.net'),(1252,5,'lecontefa22@drumee.com','lecontefa22@drumee.net'),(1253,5,'lerouxilfm@drumee.com','lerouxilfm@drumee.net'),(1254,5,'lerouxilfm@drumee.com','lerouxilfm@drumee.net'),(1255,5,'barrageilfm@drumee.com','barrageilfm@drumee.net'),(1256,5,'barrageilfm@drumee.com','barrageilfm@drumee.net'),(1257,5,'mirkoilfm@drumee.com','mirkoilfm@drumee.net'),(1258,5,'mirkoilfm@drumee.com','mirkoilfm@drumee.net'),(1259,5,'dejaeghereilfm@drumee.com','dejaeghereilfm@drumee.net'),(1260,5,'dejaeghereilfm@drumee.com','dejaeghereilfm@drumee.net'),(1261,5,'personilfm@drumee.com','personilfm@drumee.net'),(1262,5,'personilfm@drumee.com','personilfm@drumee.net'),(1263,5,'chambounaudcg@drumee.com','chambounaudcg@drumee.net'),(1264,5,'chambounaudcg@drumee.com','chambounaudcg@drumee.net'),(1265,5,'previllegram@drumee.com','previllegram@drumee.net'),(1266,5,'previllegram@drumee.com','previllegram@drumee.net'),(1267,5,'emmanuelhist@drumee.com','emmanuelhist@drumee.net'),(1268,5,'emmanuelhist@drumee.com','emmanuelhist@drumee.net'),(1269,5,'adamdevilliersgeo@drumee.com','adamdevilliersgeo@drumee.net'),(1270,5,'adamdevilliersgeo@drumee.com','adamdevilliersgeo@drumee.net'),(1271,5,'jobbeduvalfc1@drumee.com','jobbeduvalfc1@drumee.net'),(1272,5,'jobbeduvalfc1@drumee.com','jobbeduvalfc1@drumee.net'),(1273,5,'jobbeduvalfc1@drumee.com','jobbeduvalfc1@drumee.net'),(1274,5,'jobbeduvalfc1@drumee.com','jobbeduvalfc1@drumee.net'),(1279,5,'jobbeduvalfc1@drumee.com','jobbeduvalfc1@drumee.net'),(1280,5,'jobbeduvalfc1@drumee.com','jobbeduvalfc1@drumee.net'),(1281,5,'bonnafosfc1@drumee.com','bonnafosfc1@drumee.net'),(1282,5,'bonnafosfc1@drumee.com','bonnafosfc1@drumee.net'),(1283,5,'guesdonfc1@drumee.com','guesdonfc1@drumee.net'),(1284,5,'guesdonfc1@drumee.com','guesdonfc1@drumee.net'),(1285,5,'guillemninetfc1@drumee.com','guillemninetfc1@drumee.net'),(1286,5,'guillemninetfc1@drumee.com','guillemninetfc1@drumee.net'),(1287,5,'perdereaufc1@drumee.com','perdereaufc1@drumee.net'),(1288,5,'perdereaufc1@drumee.com','perdereaufc1@drumee.net'),(1289,5,'piotfc1@drumee.com','piotfc1@drumee.net'),(1290,5,'piotfc1@drumee.com','piotfc1@drumee.net'),(1291,5,'balathierfc1@drumee.com','balathierfc1@drumee.net'),(1292,5,'balathierfc1@drumee.com','balathierfc1@drumee.net'),(1293,5,'lecontefc1@drumee.com','lecontefc1@drumee.net'),(1294,5,'lecontefc1@drumee.com','lecontefc1@drumee.net'),(1295,5,'raffrayfc1@drumee.com','raffrayfc1@drumee.net'),(1296,5,'raffrayfc1@drumee.com','raffrayfc1@drumee.net'),(1297,5,'vergnaultfc1@drumee.com','vergnaultfc1@drumee.net'),(1298,5,'vergnaultfc1@drumee.com','vergnaultfc1@drumee.net'),(1299,5,'daniaultfc1@drumee.com','daniaultfc1@drumee.net'),(1300,5,'daniaultfc1@drumee.com','daniaultfc1@drumee.net'),(1301,5,'bernardeaufc1@drumee.com','bernardeaufc1@drumee.net'),(1302,5,'bernardeaufc1@drumee.com','bernardeaufc1@drumee.net'),(1303,5,'guillebonderesnesfc1@drumee.com','guillebonderesnesfc1@drumee.net'),(1304,5,'guillebonderesnesfc1@drumee.com','guillebonderesnesfc1@drumee.net'),(1305,5,'guettrefc1@drumee.com','guettrefc1@drumee.net'),(1306,5,'guettrefc1@drumee.com','guettrefc1@drumee.net'),(1307,5,'champsdesaintlegerfc1@drumee.com','champsdesaintlegerfc1@drumee.net'),(1308,5,'champsdesaintlegerfc1@drumee.com','champsdesaintlegerfc1@drumee.net'),(1309,5,'meneyfc1@drumee.com','meneyfc1@drumee.net'),(1310,5,'meneyfc1@drumee.com','meneyfc1@drumee.net'),(1311,5,'ponsinetdesivryfa1@drumee.com','ponsinetdesivryfa1@drumee.net'),(1312,5,'ponsinetdesivryfa1@drumee.com','ponsinetdesivryfa1@drumee.net'),(1313,5,'vergnettefa1@drumee.com','vergnettefa1@drumee.net'),(1314,5,'vergnettefa1@drumee.com','vergnettefa1@drumee.net'),(1315,5,'bruerefa1@drumee.com','bruerefa1@drumee.net'),(1316,5,'bruerefa1@drumee.com','bruerefa1@drumee.net'),(1317,5,'lacroptedechanteracfa1@drumee.com','lacroptedechanteracfa1@drumee.net'),(1318,5,'lacroptedechanteracfa1@drumee.com','lacroptedechanteracfa1@drumee.net'),(1319,5,'boucheriefa1@drumee.com','boucheriefa1@drumee.net'),(1320,5,'boucheriefa1@drumee.com','boucheriefa1@drumee.net'),(1321,5,'bonifa1@drumee.com','bonifa1@drumee.net'),(1322,5,'bonifa1@drumee.com','bonifa1@drumee.net'),(1323,5,'surydaspremontfa1@drumee.com','surydaspremontfa1@drumee.net'),(1324,5,'surydaspremontfa1@drumee.com','surydaspremontfa1@drumee.net'),(1325,5,'boudouxfa1@drumee.com','boudouxfa1@drumee.net'),(1326,5,'boudouxfa1@drumee.com','boudouxfa1@drumee.net'),(1469,5,'jobbeduvalfc1@drumee.com','jobbeduvalfc1@drumee.net'),(1470,5,'jobbeduvalfc1@drumee.com','jobbeduvalfc1@drumee.net'),(1471,5,'bonnafosfc1@drumee.com','bonnafosfc1@drumee.net'),(1472,5,'bonnafosfc1@drumee.com','bonnafosfc1@drumee.net'),(1473,5,'guesdonfc1@drumee.com','guesdonfc1@drumee.net'),(1474,5,'guesdonfc1@drumee.com','guesdonfc1@drumee.net'),(1475,5,'guillemninetfc1@drumee.com','guillemninetfc1@drumee.net'),(1476,5,'guillemninetfc1@drumee.com','guillemninetfc1@drumee.net'),(1477,5,'perdereaufc1@drumee.com','perdereaufc1@drumee.net'),(1478,5,'perdereaufc1@drumee.com','perdereaufc1@drumee.net'),(1479,5,'piotfc1@drumee.com','piotfc1@drumee.net'),(1480,5,'piotfc1@drumee.com','piotfc1@drumee.net'),(1481,5,'balathierfc1@drumee.com','balathierfc1@drumee.net'),(1482,5,'balathierfc1@drumee.com','balathierfc1@drumee.net'),(1483,5,'lecontefc1@drumee.com','lecontefc1@drumee.net'),(1484,5,'lecontefc1@drumee.com','lecontefc1@drumee.net'),(1485,5,'raffrayfc1@drumee.com','raffrayfc1@drumee.net'),(1486,5,'raffrayfc1@drumee.com','raffrayfc1@drumee.net'),(1487,5,'vergnaultfc1@drumee.com','vergnaultfc1@drumee.net'),(1488,5,'vergnaultfc1@drumee.com','vergnaultfc1@drumee.net'),(1489,5,'daniaultfc1@drumee.com','daniaultfc1@drumee.net'),(1490,5,'daniaultfc1@drumee.com','daniaultfc1@drumee.net'),(1491,5,'bernardeaufc1@drumee.com','bernardeaufc1@drumee.net'),(1492,5,'bernardeaufc1@drumee.com','bernardeaufc1@drumee.net'),(1493,5,'guillebonderesnesfc1@drumee.com','guillebonderesnesfc1@drumee.net'),(1494,5,'guillebonderesnesfc1@drumee.com','guillebonderesnesfc1@drumee.net'),(1495,5,'guettrefc1@drumee.com','guettrefc1@drumee.net'),(1496,5,'guettrefc1@drumee.com','guettrefc1@drumee.net'),(1497,5,'champsdesaintlegerfc1@drumee.com','champsdesaintlegerfc1@drumee.net'),(1498,5,'champsdesaintlegerfc1@drumee.com','champsdesaintlegerfc1@drumee.net'),(1499,5,'meneyfc1@drumee.com','meneyfc1@drumee.net'),(1500,5,'meneyfc1@drumee.com','meneyfc1@drumee.net'),(1501,5,'ponsinetdesivryfa1@drumee.com','ponsinetdesivryfa1@drumee.net'),(1502,5,'ponsinetdesivryfa1@drumee.com','ponsinetdesivryfa1@drumee.net'),(1503,5,'vergnettefa1@drumee.com','vergnettefa1@drumee.net'),(1504,5,'vergnettefa1@drumee.com','vergnettefa1@drumee.net'),(1505,5,'bruerefa1@drumee.com','bruerefa1@drumee.net'),(1506,5,'bruerefa1@drumee.com','bruerefa1@drumee.net'),(1507,5,'lacroptedechanteracfa1@drumee.com','lacroptedechanteracfa1@drumee.net'),(1508,5,'lacroptedechanteracfa1@drumee.com','lacroptedechanteracfa1@drumee.net'),(1509,5,'boucheriefa1@drumee.com','boucheriefa1@drumee.net'),(1510,5,'boucheriefa1@drumee.com','boucheriefa1@drumee.net'),(1511,5,'bonifa1@drumee.com','bonifa1@drumee.net'),(1512,5,'bonifa1@drumee.com','bonifa1@drumee.net'),(1513,5,'surydaspremontfa1@drumee.com','surydaspremontfa1@drumee.net'),(1514,5,'surydaspremontfa1@drumee.com','surydaspremontfa1@drumee.net'),(1515,5,'boudouxfa1@drumee.com','boudouxfa1@drumee.net'),(1516,5,'boudouxfa1@drumee.com','boudouxfa1@drumee.net'),(1517,5,'cortassafa1@drumee.com','cortassafa1@drumee.net'),(1518,5,'cortassafa1@drumee.com','cortassafa1@drumee.net'),(1519,5,'hablotfa1@drumee.com','hablotfa1@drumee.net'),(1520,5,'hablotfa1@drumee.com','hablotfa1@drumee.net'),(1521,5,'lhuillierfa1@drumee.com','lhuillierfa1@drumee.net'),(1522,5,'lhuillierfa1@drumee.com','lhuillierfa1@drumee.net'),(1523,5,'croissantfa1@drumee.com','croissantfa1@drumee.net'),(1524,5,'croissantfa1@drumee.com','croissantfa1@drumee.net'),(1525,5,'blouerefa1@drumee.com','blouerefa1@drumee.net'),(1526,5,'blouerefa1@drumee.com','blouerefa1@drumee.net'),(1527,5,'leroyfa1@drumee.com','leroyfa1@drumee.net'),(1528,5,'leroyfa1@drumee.com','leroyfa1@drumee.net'),(1529,5,'gouriofa1@drumee.com','gouriofa1@drumee.net'),(1530,5,'gouriofa1@drumee.com','gouriofa1@drumee.net'),(1531,5,'hachardfa1@drumee.com','hachardfa1@drumee.net'),(1532,5,'hachardfa1@drumee.com','hachardfa1@drumee.net'),(1533,5,'lanlayfa1@drumee.com','lanlayfa1@drumee.net'),(1534,5,'lanlayfa1@drumee.com','lanlayfa1@drumee.net'),(1535,5,'chardonfa21@drumee.com','chardonfa21@drumee.net'),(1536,5,'chardonfa21@drumee.com','chardonfa21@drumee.net'),(1537,5,'pelissierfa21@drumee.com','pelissierfa21@drumee.net'),(1538,5,'pelissierfa21@drumee.com','pelissierfa21@drumee.net'),(1539,5,'hanotelfa21@drumee.com','hanotelfa21@drumee.net'),(1540,5,'hanotelfa21@drumee.com','hanotelfa21@drumee.net'),(1541,5,'malaussenefa21@drumee.com','malaussenefa21@drumee.net'),(1542,5,'malaussenefa21@drumee.com','malaussenefa21@drumee.net'),(1607,5,'jobbeduvalfc1@drumee.com','jobbeduvalfc1@drumee.net'),(1608,5,'jobbeduvalfc1@drumee.com','jobbeduvalfc1@drumee.net'),(1609,5,'jobbeduvalfc1@drumee.com','jobbeduvalfc1@drumee.net'),(1610,5,'jobbeduvalfc1@drumee.com','jobbeduvalfc1@drumee.net'),(1611,5,'jobbeduvalfc1@drumee.com','jobbeduvalfc1@drumee.net'),(1612,5,'jobbeduvalfc1@drumee.com','jobbeduvalfc1@drumee.net'),(1613,5,'personilfm@drumee.com','personilfm@drumee.net'),(1614,5,'jobbeduvalfc1@drumee.com','jobbeduvalfc1@drumee.net'),(1615,5,'jobbeduvalfc1@drumee.com','jobbeduvalfc1@drumee.net'),(1616,5,'bonnafosfc1@drumee.com','bonnafosfc1@drumee.net'),(1617,5,'bonnafosfc1@drumee.com','bonnafosfc1@drumee.net'),(1618,5,'guesdonfc1@drumee.com','guesdonfc1@drumee.net'),(1619,5,'guesdonfc1@drumee.com','guesdonfc1@drumee.net'),(1620,5,'guillemninetfc1@drumee.com','guillemninetfc1@drumee.net'),(1621,5,'guillemninetfc1@drumee.com','guillemninetfc1@drumee.net'),(1622,5,'perdereaufc1@drumee.com','perdereaufc1@drumee.net'),(1623,5,'perdereaufc1@drumee.com','perdereaufc1@drumee.net'),(1624,5,'piotfc1@drumee.com','piotfc1@drumee.net'),(1625,5,'piotfc1@drumee.com','piotfc1@drumee.net'),(1626,5,'balathierfc1@drumee.com','balathierfc1@drumee.net'),(1627,5,'balathierfc1@drumee.com','balathierfc1@drumee.net'),(1628,5,'lecontefc1@drumee.com','lecontefc1@drumee.net'),(1629,5,'lecontefc1@drumee.com','lecontefc1@drumee.net'),(1630,5,'raffrayfc1@drumee.com','raffrayfc1@drumee.net'),(1631,5,'raffrayfc1@drumee.com','raffrayfc1@drumee.net'),(1632,5,'vergnaultfc1@drumee.com','vergnaultfc1@drumee.net'),(1633,5,'vergnaultfc1@drumee.com','vergnaultfc1@drumee.net'),(1634,5,'daniaultfc1@drumee.com','daniaultfc1@drumee.net'),(1635,5,'daniaultfc1@drumee.com','daniaultfc1@drumee.net'),(1636,5,'bernardeaufc1@drumee.com','bernardeaufc1@drumee.net'),(1637,5,'bernardeaufc1@drumee.com','bernardeaufc1@drumee.net'),(1638,5,'guillebonderesnesfc1@drumee.com','guillebonderesnesfc1@drumee.net'),(1639,5,'guillebonderesnesfc1@drumee.com','guillebonderesnesfc1@drumee.net'),(1640,5,'guettrefc1@drumee.com','guettrefc1@drumee.net'),(1641,5,'guettrefc1@drumee.com','guettrefc1@drumee.net'),(1642,5,'champsdesaintlegerfc1@drumee.com','champsdesaintlegerfc1@drumee.net'),(1643,5,'champsdesaintlegerfc1@drumee.com','champsdesaintlegerfc1@drumee.net'),(1644,5,'meneyfc1@drumee.com','meneyfc1@drumee.net'),(1645,5,'meneyfc1@drumee.com','meneyfc1@drumee.net'),(1646,5,'ponsinetdesivryfa1@drumee.com','ponsinetdesivryfa1@drumee.net'),(1647,5,'ponsinetdesivryfa1@drumee.com','ponsinetdesivryfa1@drumee.net'),(1648,5,'vergnettefa1@drumee.com','vergnettefa1@drumee.net'),(1649,5,'vergnettefa1@drumee.com','vergnettefa1@drumee.net'),(1650,5,'bruerefa1@drumee.com','bruerefa1@drumee.net'),(1651,5,'bruerefa1@drumee.com','bruerefa1@drumee.net'),(1652,5,'lacroptedechanteracfa1@drumee.com','lacroptedechanteracfa1@drumee.net'),(1653,5,'lacroptedechanteracfa1@drumee.com','lacroptedechanteracfa1@drumee.net'),(1654,5,'boucheriefa1@drumee.com','boucheriefa1@drumee.net'),(1655,5,'boucheriefa1@drumee.com','boucheriefa1@drumee.net'),(1658,5,'jobbeduvalfc1@drumee.com','jobbeduvalfc1@drumee.net'),(1659,5,'jobbeduvalfc1@drumee.com','jobbeduvalfc1@drumee.net'),(1662,5,'jobbeduvalfc1@drumee.com','jobbeduvalfc1@drumee.net'),(1663,5,'jobbeduvalfc1@drumee.com','jobbeduvalfc1@drumee.net'),(1666,5,'jobbeduvalfc1@drumee.com','jobbeduvalfc1@drumee.net'),(1667,5,'jobbeduvalfc1@drumee.com','jobbeduvalfc1@drumee.net'),(1670,5,'jobbeduvalfc1@drumee.com','jobbeduvalfc1@drumee.net'),(1671,5,'jobbeduvalfc1@drumee.com','jobbeduvalfc1@drumee.net'),(1678,5,'jobbeduvalfc1@drumee.com','jobbeduvalfc1@drumee.net'),(1679,5,'jobbeduvalfc1@drumee.com','jobbeduvalfc1@drumee.net'),(1682,5,'personilfm@drumee.com','personilfm@drumee.net'),(1683,5,'personilfm@drumee.com','personilfm@drumee.net'),(1686,5,'personilfm@drumee.com','personilfm@drumee.net'),(1687,5,'mdarcimoles@drumee.com','mdarcimoles@drumee.net'),(1688,5,'penfentenyo@drumee.com','penfentenyo@drumee.net'),(1689,5,'penfentenyo@drumee.com','penfentenyo@drumee.net'),(1690,5,'chabotm@drumee.com','chabotm@drumee.net'),(1691,5,'chabotm@drumee.com','chabotm@drumee.net'),(1692,5,'markt@drumee.com','markt@drumee.net'),(1693,5,'markt@drumee.com','markt@drumee.net'),(1694,5,'pinault@drumee.com','pinault@drumee.net'),(1695,5,'pinault@drumee.com','pinault@drumee.net'),(1696,5,'mawetfar@drumee.com','mawetfar@drumee.net'),(1697,5,'mawetfar@drumee.com','mawetfar@drumee.net'),(1698,5,'ducassefar@drumee.com','ducassefar@drumee.net'),(1699,5,'ducassefar@drumee.com','ducassefar@drumee.net'),(1700,5,'baylefar@drumee.com','baylefar@drumee.net'),(1701,5,'baylefar@drumee.com','baylefar@drumee.net'),(1702,5,'theryfar@drumee.com','theryfar@drumee.net'),(1703,5,'theryfar@drumee.com','theryfar@drumee.net'),(1704,5,'laurentfar@drumee.com','laurentfar@drumee.net'),(1705,5,'laurentfar@drumee.com','laurentfar@drumee.net'),(1706,5,'tipifar@drumee.com','tipifar@drumee.net'),(1707,5,'tipifar@drumee.com','tipifar@drumee.net'),(1708,5,'scolanfar@drumee.com','scolanfar@drumee.net'),(1709,5,'scolanfar@drumee.com','scolanfar@drumee.net'),(1710,5,'genies@drumee.com','genies@drumee.net'),(1711,5,'rl@drumee.com','rl@drumee.net'),(1712,5,'mdarcimoles@drumee.com','mdarcimoles@drumee.net'),(1713,5,'benoitcm1@drumee.com','benoitcm1@drumee.net'),(1714,5,'pff@drumee.com','pff@drumee.net'),(1715,7,'ranjith@drumee.net','ranjith@drumee.net');
/*!40000 ALTER TABLE `aliases` ENABLE KEYS */;
UNLOCK TABLES;
DROP TABLE IF EXISTS `domains`;
/*!40101 SET @saved_cs_client     = @@character_set_client */;
/*!40101 SET character_set_client = utf8 */;
CREATE TABLE `domains` (
  `id` int(11) NOT NULL AUTO_INCREMENT,
  `name` varchar(50) NOT NULL,
  PRIMARY KEY (`id`)
) ENGINE=InnoDB AUTO_INCREMENT=0 DEFAULT CHARSET=utf8 COLLATE=utf8_general_ci;
/*!40101 SET character_set_client = @saved_cs_client */;

LOCK TABLES `domains` WRITE;
/*!40000 ALTER TABLE `domains` DISABLE KEYS */;
INSERT INTO `domains` VALUES (5,'drumee.com'),(6,'drumee.fr'),(7,'drumee.net');
/*!40000 ALTER TABLE `domains` ENABLE KEYS */;
UNLOCK TABLES;
DROP TABLE IF EXISTS `users`;
/*!40101 SET @saved_cs_client     = @@character_set_client */;
/*!40101 SET character_set_client = utf8 */;
CREATE TABLE `users` (
  `id` int(11) NOT NULL AUTO_INCREMENT,
  `domain_id` int(11) NOT NULL,
  `password` varchar(255) CHARACTER SET ascii COLLATE ascii_general_ci NOT NULL,
  `username` varchar(128) CHARACTER SET ascii COLLATE ascii_general_ci NOT NULL,
  `email` varchar(255) CHARACTER SET ascii COLLATE ascii_general_ci NOT NULL,
  PRIMARY KEY (`id`),
  UNIQUE KEY `email` (`email`),
  KEY `domain_id` (`domain_id`),
  CONSTRAINT `users_ibfk_1` FOREIGN KEY (`domain_id`) REFERENCES `domains` (`id`) ON DELETE CASCADE
) ENGINE=InnoDB AUTO_INCREMENT=0 DEFAULT CHARSET=utf8 COLLATE=utf8_general_ci;
/*!40101 SET character_set_client = @saved_cs_client */;

LOCK TABLES `users` WRITE;
/*!40000 ALTER TABLE `users` DISABLE KEYS */;
INSERT INTO `users` VALUES (143,5,'$6$5051b897fb3c055a$8UrnZFMuzCnGa4oImbHEFWo8qWbUQWO0cjYTPUVa7GawAextp9OpBoAAyc79TnFZzqNPY1DY.1i4cUnedOq1S.','akimbenrezzag','akimbenrezzag@drumee.net'),(144,5,'$6$bb8ad8a219a36f97$LcsgGwFnJr3tBctXWgcyqV8LNzztlJY0TznCsmHVFKX35WItDdP.JDjMZFUe3N97R37Ip2V81PQLdBhXQUqeB.','alainrigaud','alainrigaud@drumee.net'),(145,5,'$6$50adfb07f874c2c6$9uatMa3U34NqrNRGCgWRJKwI.gfOUD0d/iLAWKOm1wRpzxFlbAXmj7mjZ.KFwaIM7zAfH9b4TZKkQf98apAHE1','alexandredenis','alexandredenis@drumee.net'),(146,5,'$6$32336e62e6df2858$hyV0N91y44OrrtPy1yQ5PuA3lov0VBqKiSSqY6aEFbH/X7.RSETei3TniyBa0EdDRLwcxqKc.1UoGCnjUTcGM0','aline','aline@drumee.net'),(147,5,'$6$5787f75ec6df714d$gbVba7/MWXEefehhbDmGYtdPP7XCBQGKDmIjg0r1GL/75mbF5rPEzIHRzo2QmTPCkaSRpvl46R/8J5JE5gvoJ1','alinemartin','alinemartin@drumee.net'),(149,5,'$6$d62e1c8f42d7d9b6$hjpJKyeRkI8.kBGdUPQfjygcK3NNTp4vJqOpVrMONah7uQxpFNbdOMo60btekE3vj1voTC8aWsexC/0s4KJtR0','anneauber','anneauber@drumee.net'),(150,5,'$6$d0792926da64dd2b$mx8j2sncxMZuBuYATJ2/aLYZXfjdc30ftiajfUO0l8tFD9wIFz4PGnsqSi.h9JB9WCRm.0OaAKKcTkTRrN1cg1','ariane','ariane@drumee.net'),(151,5,'$6$fdedfe846c54ee8b$EUxKydojp/n/C3fL9AY7Dj6tlsyxGxKNlUAovjbvTGUwlXitjjLn1dHqtuOEO3mRGENS7.qRxyWyMUYywkgpk1','arianemathieu','arianemathieu@drumee.net'),(152,5,'$6$ab890e919f7659d1$8/u6vU1MTTgCc3g2CXxyxfuEjePQmhdJPi6JEB70z5poFNSTtB6nHrGU0jK7QhZcb05b.QMsnpzRn0N9ZJxGV.','ariel','ariel@drumee.net'),(153,5,'$6$5e6d8fb011e68c93$Mkt4rZg171cV2e2DkTvbjtdPzlcNtbo/PsP9LkyJCp7vJaFlLXIGcwopyLeCV/yRQaI15BiZkmQEednh3G.Ro/','arnaud','arnaud@drumee.net'),(154,5,'$6$96ccfddd2b71db8f$yXAikewDpNo6nKLXQnyMNtlxteA3WlNLMsZZ4ukj/wC0SXVEzJ/1eoJWMHmC5QKp4Ah2FruJmwwYuZB1FogMF/','arnaudo','arnaudo@drumee.net'),(155,5,'$6$472733cc4e774fd8$bJDrwy4EZsDBb/YoeHGsUi8ppMCQ/yNkn4wuJgd03CGoT8PG0.FWMdejSoQSwkbxB4dGdh/K60v/njlbCTV5I0','audrey','audrey@drumee.net'),(156,5,'$6$93768868007a8c79$IUh9DsuhumGnSCDHVuyz9x3upgwQOqvaEwS5eKfMukm2UaOoNy1mLZUxbYzOu7zon77QgmZPZczOhb1of4ukw/','audreyhuburn','audreyhuburn@drumee.net'),(157,5,'$6$0505c50c608e1985$rFzQhJz3zH3fSqjYBLG5pBNq.R3bwGr8VEs0GEPgspT8fN1AeUN52TWHNI.AhKifFdpYI//fJhdchZShAt4Lh0','bertrandcarette','bertrandcarette@drumee.net'),(158,5,'$6$fcbc19b29cd50576$LINhY/IVmWbEdaDS00HYnI2VRQutnK7oOClR8nemkSUR7YKbn.VEdbJ8zorVAQnj5JPPFbEYBprvKildbtG8.1','bertranddevarax','bertranddevarax@drumee.net'),(159,5,'$6$1ef45309adbd0881$El0Bqi0aQ5MBGDLOpgu4smSihOs0mddUU6eS4cg6Xo1WF.tfBEi/CIDLjvn.akiVkMaIWm0NsSK27qCaAOmyK.','caterine','caterine@drumee.net'),(160,5,'$6$e93de009385c271f$OJK0ewLAnCS1p7vVZhIUwjPcxm7kT3zqvqP/Sa.6VXiUiyfw9RsnxArVkGGSlcGw4y1Yv9tbFJkAr8yFevoGT.','celia.chim','celia.chim@drumee.net'),(162,5,'$6$1860400492450c67$JiXyb/AS5mtZCp3YsyFtfa1rOhv/LFjLnt20eL4xgXRymUE.xmLpdi2qYrL49Hk1OvFqnyVOq.vgIt0VGdyjs1','chantalmonsec','chantalmonsec@drumee.net'),(163,5,'$6$585e928c7333296b$J/pZeiugF/ZypKn33FceffeEAsiqfiK4IyzZaLwTfHj5rPWtpl6vfgXrWPgNWsyjDi2GpEDbX0uzxYQO4uNhQ/','chriscatta','chriscatta@drumee.net'),(165,5,'$6$f6bc68132866ab45$DAYcdWHAhq5wXGjkVJA8DRpi4zqtLNftm6IiR6.St6CxDUMA.EGtARQOjC6AfkRUK0g9x35vaTvzidz4Z.czG/','ciranojalex','ciranojalex@drumee.net'),(166,5,'$6$9a5261c316dc8afb$3kmyxRnaPk5mzlW64e0t45diSWWlvhniwognylFN2O0A3.1iAwSWRHP1uTNPuUoTQAEPv/xRhJ/liTN3qL2ad/','clemdevarax','clemdevarax@drumee.net'),(168,5,'$6$91710533361c8b03$IScHLiVPZ0euLeel6V5tZkAh1fALs7HBPLZV7l0nwQUZ1cZ8rtn9/TwPQRnBNNLw1FYmrsIoFbeQI60GZCesP/','daphnegoudeseune','daphnegoudeseune@drumee.net'),(169,5,'$6$719b77c83ce39abc$mtu68bDhMArKm/R0CTNBh3N8i5lx/7GsljrN/koCds7tpYetqmcxBKq0a3tSTyKYN7ODjmsq0Xc/jOVviD0sE/','didiermorville','didiermorville@drumee.net'),(170,5,'$6$792a5adf2db12af9$Gp/1BxC9849P0JvhexzMOeAqCcZuIEqbTHEsUlUyXdyWgK7g9kl04clVBIqqN135HRYzFp47Z4gvuQK8dltjf/','docfu','docfu@drumee.net'),(172,5,'$6$1da5e5696d28cbfd$OhEZoBDLTovOkQYoRl8ZZcBbhB3TY22jO5db8q6AOIC.73bfFV0qniqWH0snCZepRVl7s8CgDBWONYyAqetBR1','edgardparfait','edgardparfait@drumee.net'),(173,5,'$6$9d7ee36ee98df0cc$s7Tx1QxT8q8Gaz/uQPmCgYd3byXrdYcUB9ZgmBAaKSG.C8A1ky4s/spJHO7wyQHEWC.dY3gc2fuM04ubpPnCS.','elise','elise@drumee.net'),(174,5,'$6$f0f9016d0ae58948$/ENL5jAEMIs/rMW4YNb1MhHfMe2zl32xkMhyJNGT4o08nRDLkP09b81HM/6f0vJqzfL0M3TVu1TrCtCt2sJft/','ericb31','ericb31@drumee.net'),(175,5,'$6$c532e7edd5adb6a2$4wL.TAF96n7L4srkvqgFwDBDuqaZ2FESpLwAmnRysIcn24niWM4Jhcv7LT8K/JBO3UZSc3gE/SO3RNOkiH0xO0','ezghzeh','ezghzeh@drumee.net'),(177,5,'$6$bfc9ac130420d095$SxybBJR.41DpLQuSAor/UzwbvZw7I7J39WjuF3hghuMHa1clWh5ln.UdRkIWN11K7FpWiBkDEvxBM2mHB1tCG1','floriane','floriane@drumee.net'),(178,5,'$6$6a4efb802c88312c$KgizUDCTo58jPylh/.vtkzAk8kyrkQGfnh.26HUAuTxD/I.5iTM0zHJ7Ckx3Vlfa.DxxT39HeYzJC6yyBy22e1','fredgabriel','fredgabriel@drumee.net'),(179,5,'$6$bbcdea93b86447ec$NbLwU6OWJwiURcNOIYnVB.UI6LYEYwTmYYbNCCW88q7zQROVfT9.ri20UkZqO0Y3.zse5OdBBywEmMKoQWjiC0','gaston','gaston@drumee.net'),(180,5,'$6$2fdaeea181d6d135$3ne2opiBCmG6.z7yCgDFGDD7SBIkCx0Hr22YNbAuWfy242mmvWT1Qec7bOvca9eMbo4iRXpsGH/veGv8fEvzh1','goudeseunel','goudeseunel@drumee.net'),(181,5,'$6$75e50e685db6a54f$aBSl.R/snapw7KePfqc/d882dIeSTm0rys9Q81jVHX.5GhfK9nxPuzPofBhXbtCvCoLMex1XxKho/gdpuwEKZ.','guestcrna','guestcrna@drumee.net'),(182,5,'$6$a6224f08159accbf$lijM3kAjFnDBXkHwmhRGCOna5lcdJi9ZKujfz.XfW4Fl5Xco1E/QiWnHKHkNCl1Lceach7z6XKCwdgnzSIZnW.','homer','homer@drumee.net'),(183,5,'$6$b19dc1391d65c43c$nAd7uYTTtsW53JqRxpS6YK0THjLML3HcRxJY4SB06HVHuxf81zZWIVuHv3bdrO5cp/b9DuismpmhHBYZMp6nV.','jdischamps','jdischamps@drumee.net'),(184,5,'$6$5176dd3ab467747e$QUPIs5xUq4e/Pbd9xtAdb0lTR/hFJqMMelV7dpDnfaIv5qLC9fmocOBREnS28dPjMRKCeV/nMQT2QTDY5tJ7X/','jean','jean@drumee.net'),(185,5,'$6$16408e584cde899c$gweNjcUivMpfQTIHhROTfeTiwMry48I69xUR1J3CdkIWJir2UcpYNeApt1KxMRGlSPT50pTiAtz3fcJR0fmWx0','jeanluc','jeanluc@drumee.net'),(186,5,'$6$55a978df09b7fed3$.Qgn8I6AfGfTubUXF4eohw2LFqhjlI6RpElOV3UVY9pXksoz1fRfzqqwVB0olmPvd8WEKrw2RgrCVtrvEE06X0','jl.bernard','jl.bernard@drumee.net'),(187,5,'$6$4e48ca526a0bea82$EZW7tpZKli.9BpTqm4VgE2fh51.4zK5gwobeON8Ey0NthdQjzo5EtdhQxMamOHeXSCzMvhojpdCD1OqS9WT5G0','joelphilippe','joelphilippe@drumee.net'),(188,5,'$6$a1d3c6bf7bc1bcde$BE3qlB3bw4MmLQGfbSobnQXIbEhZuh5KiZzgsXL.6YO9GdXcBVV3CpXx41enYwfT/C6A2jcUwCK2UmcP2.wwC1','leti','leti@drumee.net'),(189,5,'$6$519b44f082a458b2$1qcuAL3q5sAdD9w7RVwBxI.FH.YZkeDjjsp/RRm4z4utyzKMf4XxWsAPG5T3.f9cYdqJkiYAVNbZz.XW1pSSM.','lili','lili@drumee.net'),(190,5,'$6$0e7bd4b6049333f9$sRyQq95QG7slGOkr7.sszrRI5RunG34tvuLwZFRspScqUn8mwXaRz6X.9KFdfzhkyv.hYXo3OZ9eAwxzltfvI.','lndevarax','lndevarax@drumee.net'),(191,5,'$6$f34b9f1f719048f5$B4Yq4cKKIqBW/YbP8grQpldpnD5HfIKIe8Ujo0NVK6J7fZSqjaiscx9jmUUFes.pOIa9upZM6QDQ8tBzsYAUc/','lucky','lucky@drumee.net'),(193,5,'$6$f476177be2444337$tWnSek77Z5ZH2tMOBlEBRlMjBFwYdwCa7myumii76eo0Wvw7L2CLoL5GxOfkGFvDkTQgV79O0sdreVd7cclky/','martindupond','martindupond@drumee.net'),(194,5,'$6$a18859bcc66b0140$Ql7TMUlJcyoTmu0CY2eio6SnYeEqmBOrZ7CH21ZcAHlLho8SQjUPRGpJsDsqk0EUmopaSEwOLAY73ZSpIHpod1','martinet','martinet@drumee.net'),(196,5,'$6$1d1a9b78e13ca9db$.Tqb/XlNLZwnNromhItoMB5XjNJCQYOzhUcayQKGkHqhiq3C4KYzeXHN5uozAygp/LXCpmYsiPrm6qObiBWWm1','nobody','nobody@drumee.net'),(197,5,'$6$0d34d8ba6adf11a8$CqwI1onQnUf90/JMOx0//UzI916oMEzR3Dx5X9cseRk0gKgqMc6oNPWEq9lU4cc7tGTW8UfrSGViz8yueSKWB/','obelixl','obelixl@drumee.net'),(198,5,'$6$40d49644b9c7cc77$aB1WdKISMxdJS2sR0fkKK9Reypiauy2RQkPyK4g8bCNaF0wB5XlO.hl/L63Gfj38mSYpMIyTj/CyyrTenEwUA.','olivierdurand','olivierdurand@drumee.net'),(199,5,'$6$21c0f88e87f65d25$Uxxl6wYTedKZWczBKsQqT90RhS/KpOw7x/2ov7nLcKPaovklb6NhuHin9wVzK6dXHsYJJt9Z40sYFgwXmjFrK1','paulmizrahi','paulmizrahi@drumee.net'),(201,5,'$6$3ac5812d0b74b5de$dUV3hsw4Mpa3Me9qSPxxHykkEI.6Wa409Yr58zSYeHPtkOoLIxHRYAyu2cTGIrF.73SW3O3W95XokiPl88fDT0','ralphyegouy','ralphyegouy@drumee.net'),(202,5,'$6$4237ef18b1f2cf35$R4ZXGqGbkFH6gvzg.z7F06ZUaLSZdTZ9l.mmw4fMyIW27BShphyUcYJMLyhnC48Z/WWkE7AUUxtYyY.6lRRxm0','renaudsemerdjian','renaudsemerdjian@drumee.net'),(203,5,'$6$39ae737dc62b339c$/5DRNK4KBWj4OX8vRu3fMHdqNCxn9g2hYobwhFI6g/KZcZ0Azj2KOfYEnAgQ.i4vfe5Seo1NKxHuMIhL2QnQu.','richardrenault','richardrenault@drumee.net'),(204,5,'$6$f17616cb5514dc74$YJGh2Od7.tYZsN17IVGkmjzuGuMeEhsTTGUT9i0IetmyNBs7HPlQINwvHXq4NLnvSljmU7a68Xsm9jBQsEQZ..','rochet','rochet@drumee.net'),(205,5,'$6$eebf64afaad1131c$0Zz2bedIlW3ZW7kIycKx5JqOpv8Sz/9RbiYBZ15NeBl0TXyKnYk8vq2o.QlgmtTDoV7.2kk8dIhMxP/qW5bau0','romain','romain@drumee.net'),(206,5,'$6$1b1021157f5a0ced$zso8cec.X3lhF0E9.Ufh2aanueRjgDcTp7om0utoThF.79Dj7eHDJyI0QbEuxwkAuYpbgtEbj5Mb1q6j0s1FA0','sebastianorozco','sebastianorozco@drumee.net'),(207,5,'$6$34f5473609b14ce2$DL.vNrg6WQosjYpmBd/1oFJG.Kpik4HmIeP2oJSe1bIFCaLR73idpcBMo.AwK1oBJAyoIOEu66vwE1rdi8L0B1','sebastienheurtier','sebastienheurtier@drumee.net'),(210,5,'$6$212cb61c8120013f$0V6ylCrleyxMhgTDn3X5HlkaFpzQ1dhusNwC80tQ0VmCdUw7V8op5xszH5.q3igCmTiYOh5BcK.QzMdCgbaGg0','somasar','somasar@drumee.net'),(211,5,'$6$4b160e15a332f604$eWpqOg7Mul9UYWjzyEpc0NAQp13yTGo6mxVO/0p8dSNesVOmouTwRV3LeiTQrnt/CQ9fIuNjJ5QQ394XHplaq1','spode','spode@drumee.net'),(215,5,'$6$c737186f4d656c12$KfBwhoM2/hZswY6W/fIQlgm2VbPqdOLnKQvefB2qfpg.Z0ktf4dkRpi7eQVPs/SosFDjXtGhz622xzgvMNUF8/','victoire','victoire@drumee.net'),(216,5,'$6$67c062a8856770c4$ohB/6yizow0ptwF5vPmwFUbSjbgZKBflzey702oZiykAyczSEfXnjXYuoYhFAvQUShrZN3afGjnRhlWdhsj4J0','vincent','vincent@drumee.net'),(217,5,'$6$f0fb281686ac1be8$c4wWqVBb3u22rVxGCUA92fFCU5RVxpP4.ffbTFDGdyrUq7hw6/0qiikBgKqVWYLvfDNFsg4DmgRh30dPyKsjp1','yoda','yoda@drumee.net'),(274,5,'$6$65c3328f6771122c$pXwMB8FaNwTp1IxQpHlTZkmj6ZCuzzgpaLu/3hcu.flPZ1xRyqNttyodI4yic8fEZ4.ftNS66S82Ints2fQF./','dalia-com','dalia@drumee.com'),(275,5,'$6$4bf63f15c6f1b18f$uom2XPCZPk/GursGAoe.dkbot.qYUu9pbMhSKWt.P9XmhCIGnlGm6cE1ScHPIusOHZaQ9OfdCiQlQ5NzUOhtu0','dcs-com','dcs@drumee.com'),(276,5,'$6$7e99d66861bb3d4a$KqAl.2QuugmWqDn2fThL/X1ul2JagIzYdl2oQjy5IGkNS3UZnqYxSwJ5EFw8Wyf7HH/CPye.EnHWGiUD3Fgw20','demo-fmm-com','demo-fmm@drumee.com'),(277,5,'$6$26917459db71b580$PXZMK9KBvNICjxtPnyp1b7n9QfGPPTpZoAOw8XWNXZJwH5STF1156XVOzPX6.kKjpnhQD7F2qseMNKwlEaVS6/','demo-total-com','demo-total@drumee.com'),(278,5,'$6$8c25446e60b749ff$oMplhOdePotiR681wKDaxrKDCuLhCLOkR7dm19Kjp4LQS2Tw2yDAWlX7qrbSuTiSaoTkcWbkume9Rfa/TH4dj1','dom-com','dom@drumee.com'),(279,5,'$6$8bf6a201b454f951$WdB.js1T/fc.A1zI6cIW/Lf3kNI5EPVt3qXrGJnJ4HMc1qc54amAZIepuI9oLfrEzOmsWYasGkgkvVHKFrAoE1','hichem-com','hichem@drumee.com'),(280,5,'$6$796db7aaade4ff75$TsUaFk.18gSDiMvUl.IfmsSDn9vC.4l2mxIHo4jrQFMRqEDKSRoh0CMaukCSbz1x21Wu9ZkkHiHflCV4xt5ZT.','jasmin-com','jasmin@drumee.com'),(281,5,'$6$2414643f787771b9$6CRVSokeQlXuYRKnAxT1LWAFBPxozvEBohMBm4l7iNyyM6hUGJ7Hqb1jKk786.relyAWDGcyM4EOEgd5qcdZ11','laetitia-bori-com','laetitia-bori@drumee.com'),(282,5,'$6$2efe930a58341a8e$vBQGHODlrH9BWxTS0V.fm.V9JhX8CoKZVH0n.Pb6aDguK2vFEPfC/8/R3KZLv9lbeSidMHAjhKHjCndvzQ/XD1','lejubile2016-com','lejubile2016@drumee.com'),(283,5,'$6$1cb5c5cb1ffa565e$bDYoDgi3HX81a.DEhHeA3ogKf5oFmVex8jpiC1pNMTH4fSrDJkZUeUP0RFvQ2grWbOkDr1dTRPfcd2DIsOOKK0','leti-family-com','leti-family@drumee.com'),(284,5,'$6$290187238e12eb77$g2z4w4lqHpspnt6r.i05P/aLGnyE58TEUNUBo6HNJmtUc/Sj6y9FnHeh1eBG1F7C1bpVf1pkDrSvTfFSi014H.','leti-friends-com','leti-friends@drumee.com'),(285,5,'$6$606b66b6f0e0812e$5cpKNuqm1KeaMz.JVnImZZuZoAzI5bxICg3DzqUI4NoNFAp0b6cK04lmH26hdmDtWZcjAbiOfyVAPFXNXMh4r1','qprize2-com','qprize2@drumee.com'),(286,5,'$6$c607ab55e5b6b7a7$dtd.EMNhjnWQ2L/ssQiDepac36NLKx9MTEBe8ILwmEDxMPdWzSC0L1yXoSRI8AOFljCndf0yALbk90JfVoJIo/','qprize-com','qprize@drumee.com'),(287,5,'$6$1872ccea499dd1eb$4SDD7XLzeTG9EPqHrtMznHyNvpraq2ulR71F6xsnWmRrNgCRNSYft/yfq6akyJkFqLaB4kXzXdUfZkL8U1PfL/','qualcomm-com','qualcomm@drumee.com'),(288,5,'$6$6c3c5a7ffa573dae$glr07OiS.1t1A6ku6wxMQyLqi0ZScFvZ3aSCuXG8AhtNay9RLleb3ehCfaFFM4liESg6t84gKwXAbCBjCNwbZ.','regis-prive-com','regis-prive@drumee.com'),(291,5,'$6$6f8fcd409b278cbd$fF6wNuFR5fT22.osy.E1Z9vsgDd8r7MRceoTTeoQ7rR8DdbTNEXWeKbdSAfI3HeBQwaYWFYdPMo2/llz0Tize/','sar-com','sar@drumee.com'),(292,5,'$6$eb465e646d56d53d$4xBW8Qh5D5YBLK.7UxbndQ1mqlw60CdWWpX2.682S3C6VSquFzQs1h4a7e3Ce50P2HDcLYzIQU0o/p6SoHpsQ0','somanos.fr-com','somanos.fr@drumee.com'),(306,5,'$6$f8754aca3606d12a$25xVO4..gA.vj/s0uLwPsZZakBnXbuoNqvAla/nz7NGU8Wc4TE.XogE97Qv/5V2gPuoB3js1TDiNp0MYP7wZZ1','www-data-com','www-data@drumee.com'),(307,5,'$6$92ad12dfadb11ba6$qV8xnmcird8QRq7uYJ8aXT/hOLOlrJXt8AaDn6c2zf0GPEz1Uw1rCwIU1YoDcT/cJ9yjZIs4V60JUxrRGZvEL1','www-data','www-data@drumee.net'),(312,5,'$6$a20f8f93393bc555$/QLFeH.dTrkZhGnrKoXMEu3SW2.PjNzDRpWUNVXFGwOpU6u9FD8UPw2EtvqSVtQqbtMqvFzrWLezAUToMUcB51','olivier','olivier@drumee.net'),(321,5,'$6$464b5da836692c14$Y6ZMTjzFpghuW3oz5HOufDeyccN5CnLiTkQxvn/l/zHRdMy5PSSAR.c5XPQQrzCEbteiCH./Nvr.JoBTs2ERR.','yann','yann@drumee.net'),(323,5,'$6$c765601c3c2aae3a$7DxMXzuthwPXsikd2N0xhnkhuAvPhgrswaQYBSj8DVTbRLESZGc8G2Ml2MMOkRZBzjf3qsfJcV322uv49kCcp/','elena','elena@drumee.net'),(327,5,'$6$0372bf56cca94959$ylIdQ8K4AeA6klUf6J6L8fI.fMtcJmwXpXWDkt3wN2zuuqdWgmVHpgAbXjHe0PLAImqn5ddtxLfQ24bh.K0Ai0','mdevarax','mdevarax@drumee.net'),(330,5,'$6$5a78131ac7ceb2e7$BUVg0pMj5ShfESXIBH2l8YmMPHE1nHieFBWhwpfWe6z5ZVl/2lH2kTpOQp2yl6RBXXaKRQEIUt53gOkxjLeSy1','max','max@drumee.net'),(331,5,'$6$94b0542543dfe9ad$EaWEvErceIL/eLDUavVqmUk17KN4gAMfJUuAIfQ8ecqIwxT4.KWtDRuBSojk.ArAecN7.wG.ciNLMZP8YTzPr.','elina','elina@drumee.net'),(334,5,'$6$c5cd024aafd787f0$GYQIUQb4Qc9zbV8ZY2ZnrhgAtqSgpQUBeII16gdcqdQ6EoP2GFfzTBmORoemhacyUEU.B5CsfzO1Q0qMsEMiq.','d2radio','d2radio@drumee.net'),(335,5,'$6$a769bb0177c473f3$6pRj2SOWZr3ThbEqD1/dR8RGruEfmHCJZsN1tZlcCU2EpzOebA/yfQ4o1wcaAMM7HfAsV3UBoZcIldy1Qb7OF1','guillaume','guillaume@drumee.net'),(336,5,'$6$372f0fadeda5a3ef$s1smfXMwRUUm8ELfDQKxMXXwp7QeWiLm1a5fW/eBQtuGpbXYk6xUHoaExDU1LRbjXtGAZvcZKc80toSCmg3Gr1','shreyog','shreyog@drumee.net'),(341,7,'$6$714e78f63cc53db6$XKp3GP/nvpPlVRAHTnncMLqV9WTH6MnzKWqYXctNhxbsJ7jmtja6vZdRNZESLXLcc97sNP2VQwmy7Wx1Ej6ZS/','drumee','drumee@drumee.net'),(343,5,'$6$96596d245a5649e1$UCx/5PDnJAQC6N1DmTdFgt1TeeZqiCp2xFw5g1Li/icsbF258ZScI2Q560L20wMCdXXAKP70KRowycQ4i/O2A1','thamiz','thamiz@drumee.net'),(344,5,'$6$37420c245ef1f3a3$WZUEGZ0jkhU2cztT/pZ8l3kVs0MJ6OdI49WuXNQzvIVtY1oNHjF5zor929x1KaO1HvKjC3BDEfcs4qgL5oGOV1','kristina','kristina@drumee.net'),(345,5,'$6$fd7faba8e34176b5$HqzJkUR/ZV3EV7OXbF1GAUovdMAloGnENxAFildijPycCvZkWdhlMKNKEfpJX2h6zmR7k5qfQIPMA38XuCB29.','prashan','prashan@drumee.net'),(346,5,'$6$12ed0efdd845cd4f$JFE0vwZ6sH3EQXgtR5PK2moMm1Sit/VQ4a3Zi76NLHC7NPWNT/ON2GjghyBZqwYsix71JaN0x0OGpiR.slA.E.','cedric','cedric@drumee.net'),(347,5,'$6$8606d46bb2cbbfec$YhGVDK8ZIQw6zBcxTqoQwNGejPVdQ6QsA/3JxURm.rV3B.T26F0sQeiTsxLPznGyJ41goA4lu7Ps2YpNSs5V6.','johnpeterd','johnpeterd@drumee.net'),(348,5,'$6$d366f983de149526$iUTvzvMko9vBWOJ.Ne30Xg5ZmFQxXorlf0wcQqlxduo3dMKWITt233PX1YpKMQdaD4ytklenxBLTWaOqARpXE/','marianne','marianne@drumee.net'),(353,5,'$6$9b8bfd04358d1c67$yF2DFVUFbvXcOmBrt4ZLxLjry2Op6MmU5EXOXw7fd8OmHOBx8ZYBVZDfFZ8rdbkbK2vbzzEdjmqM1.BmwX1fq0','admin','admin@drumee.net'),(354,5,'$6$fcf4e6e426f681b2$4WmluOiqCtD9Lj1P2hCFllVVcxv/EmgWUMTH4iKk5zzLJ9pFpZFYJGznOLfLGAubE0hZx.bmsk0j6iWaFkBgF.','lavanyam','lavanyam@drumee.net'),(361,5,'$6$e3e3de45a48231c0$cK5AonkJHyNb.1rpvj8caV3ASQ72WseDt3xALlww2RPwWZcK7mkSd3RMbFx.S3V90F.KsX2ZO0Ovkqf8TnTTK/','no-reply','no-reply@drumee.net'),(378,5,'$6$802985e384ed6599$CNmZvTbmKlBA4DaweojU8W538wkA7S1iMZdku9Jhq9ce2TdAawSe3KDT/0qFHFUdHPCBO.73g4NfoIOGUZq1w/','jeevarajp','jeevaraj15@drumee.net'),(390,5,'$6$2aaa7724072dc0fb$DozbUrChX5xlCy.br76eDguIFdgjpmoYXiUXh80L7JrOV/WCNGuAxcqEn8I8GwvOvDGqc3xAUL9ebKai3zzBK/','hemachandrup','hemachandrup@drumee.net'),(393,5,'$6$42a45be5f996284a$RHi1KhTNeqJCsBIo6437YAiY11dTfaehvjIMZy4xxysW24Tw6hIY4mLhYtf2sgeVNZyBptzXJqcDzutD7T0UO0','arunkumarr','arunkumarr@drumee.net'),(401,5,'$6$320611e309f88003$l0tYp4WqNO0MG4/Dh7kg835aQalYJ7zP3E9Ksuh16sN4LH9wvBr99iRRXkKBLu6HV4AyIUy2YbKjZajr/k3Ey/','ihtestuser','ihtestuser@drumee.net'),(402,5,'$6$75fcd7c854e3773a$sqllLYbR/utfTBEgvJSSPcaFRyOQDO7C8vidlSwCcCQ3EZOzs4jr5mx/rvTBxCqRAvGMvuFT2ZD1rm2pjW6dx1','lilia','lilia@drumee.net'),(407,5,'$6$f62d98c567bb904d$qAtyLo0tVqQRzN8rgEwH//fYii0INl1B5.OmXT4KzUx9C1iWKK2VFvt8E5Gd9wPLXj7PIgha7b50jPXcKgsLf0','meenakshi','meenakshi@drumee.net'),(424,5,'$6$e5f5a698d101e890$Vm66smadv17tDUxfFSSiKNuNDLJQn.RUK4N6bqyUxQZOCz5yo646Gg3aFrN1uUspRobQDL/NCDjYmAsfDhc9e0','gopinath','gopinath@drumee.net'),(430,5,'$6$158ed8c8a2b51e3b$kYkW3PUZa2Sw/mufFj07seFnorrBbbtx1be8uhzCOfxdqB0bin6WdksB.6PBPnqp1CJ1t6wYS6UUm2.0zVutu.','indhumathym','indhumathym@drumee.net'),(433,5,'$6$f6f6bbbab16a4963$csQYsMcq.i7epPhHtQJw6RgSGf9SxPdps0ChD8d8dzupTCxk6tKJ6QqHZ6b7TqumyM7PiUHWLzqAWKW4aDKwZ0','sar','sar@drumee.net'),(435,5,'$6$6ca5fb72d4cc12c9$TLzAEmO1H3Kytq26u2vMdLVOO/YX8Ubmf01R/UuYH7HamZTtDZ6bOWCd06VNLZpXp7Gh5pc0evMXQoDGUduJ20','yuri','yuri@drumee.net'),(437,5,'$6$817efaf299b7eb19$IjeXmvdP1pd32EIYA3jGafvFckrTl6pxNoWf/lfgAB1oF78Rph9o2rM/xdAoL.HCSTOO6Cio9T4Pg8SKCsy9V/','mathieu','mathieu@drumee.net'),(440,5,'$6$469b6b4d8f171642$icG0XAIXEIayazb4G9kOZfHf8TxksP8guKYjC3OYDXnjp3KqYWgv8udW8EJBAw9./.UgXhXgnXd15s6LVwWzh0','christelle','christelle@drumee.net'),(441,5,'$6$469da6613d676777$FPUw.vKC72KQTrNmfnNMZNOzCkIbcch0vDNu0kMaHTlrQwKPWieYLaUZr6LlKSTtgvi6gBiUSthato0aUyJ4n1','celia','celia@drumee.net'),(443,5,'$6$436e91d8062c72ab$wfCO4i2/9Z3mDTVygkDDzAGVhC2d1/hgAJE9dJ5sXuoxu6njArK3G5b/squDyOgAyqbaZ6gHizM2.v3yi9bOX/','guest','guest@drumee.net'),(447,5,'$6$282698d7f29dde71$z663XAcXcuTL1qoJXSWU5O9nw2lxo.y4M/hYZ48irTWz7sELB4oFik71Y9gZQFw.cO9/3viCCTTl1eQzgi64G/','zheu','zheu@drumee.net'),(450,5,'$6$2d035921184e3842$hLjaqFPNwqrkCuqsesrwKKZhW9omCbzAFnXEUkw/0l0OxMc6rFMFxleU.8RZG145SR6qf.JDtsz16yfivjG9X0','shadow','shadow@drumee.net'),(463,5,'$6$8056b09b5d9ba933$h7Znr/4RWDAAvncx9gLFngGB6Ww7g9DuQUXNJEJlKKYULZ0/Cxl26CC8GulWd6X.j5mirgl8kebzBveJEew9y/','lin','lin@drumee.net'),(464,5,'$6$9dc97bed9041b590$bdKsNlvPCB1CDMN8jgXDyllwErt7cKwIiZ4ayZ/PW0qEcY2aTsxWjh58Ozdp/Wu0krUm1tJpUEVngaG5JZuem.','trevor','trevor@drumee.net'),(465,5,'$6$25b7413043c98419$rw337uYaBYUay3BPmwBJ0AuUXstrhn0NAVQBmf3tWYFLi8qHCReVrI9QLp7QDyaUTBRi5XHuK4YLifmEVq4ex0','paul','paul@drumee.net'),(466,5,'$6$929f86260b00123f$vuiU6sj2CsM8da.0scLE1vaYpLISw2it.G5xlSbLIZH5Axl8CuW5cHueJ4g0zJ105Fg6YiI/8Jcwy91bmg1FT0','test2','test2@drumee.net'),(469,5,'$6$f67e38412e6e1d7a$L3Jb44aKQ210747QlhfKWueb9U6RE4SU53tRI0XcRAXM35kiQbGKSjiDK1JX83jXbZlHymtecxVpxTHuiXLTk/','punithavathy','punithavathy@drumee.net'),(471,5,'$6$c1ca530ca237b6cd$hqjK8OzqgNlhqMOH5ouRLdnxRzp.cHjWbeS9uMaQOKfQpD6UWJqY8xaHlnnlQYpDFoOVXqjZWd8D5uVsPMJiK0','ulukbek','ulukbek@drumee.net'),(476,5,'$6$951fb1527efd87ee$6D1.jo/HLmRiHBmpHKv8tiX2T324eTG3BzsrHqQHVis2gAO4iYiOp.eF1ezxjn9hnswhdj0ZbLjUBzcUyYqYx/','gopitest','gopitest@drumee.net'),(477,5,'$6$d7f707ea73b22fe2$Eg6rNm7gnEu4np.iHaBDuIuttEPMvol30h/fqouRnoU.j3I15fdu4hx8tdwffZLkW.uop6lT870zSFBhlwLPg1','gopisakthi','gopisakthi@drumee.net'),(478,5,'$6$83d3e5154ee711dd$lXPYM5m8r3UZEoPiEGXf0bQkrvS6ZSzE.W20PP52u5SDg8O.eELWX1z0bQhA0OGJI3XqEsCjYpB25qUFy6goo1','gopisakthi1','gopisakthi1@drumee.net'),(479,5,'$6$bc542824b1e8f301$gHjonOusSJL0mJFmGKUGCeY3Oi0skU4b7XYiqwnm769SS463YNLQlmhCUCaFUVjHQ3Qa5XgkKGOFIqe9/2rXb/','mathu1','mathu1@drumee.net'),(482,5,'$6$5b0607bf42613ab3$n8kWfEVoIXleD3vqltiqQJ2zdLOriEHQt3PLuG0FLOLR02aDvXtoSI9bzwaA0JYgVVT.RXnySNRANTiaiJMj7/','tamil1','tamil1@drumee.net'),(483,5,'$6$657c60e161cae42b$ZT9m4izK9MRYZL12ULA5EczTk.SiaosqqzqxJEVAZrsDlP3RbrGlZho56oNQFce1ff1GiEBusbTT5aYyZEv5l1','tamil2','tamil2@drumee.net'),(484,5,'$6$0995b8b84e4c0204$O.ief2Vzn40vOsMuVw6LBbaOFOhdh.pBwk4W/NpgBMZH5WsIc3G6aksMBMkzUv.zBNqGbACfIqlJWxoylPLm5.','gopirajesh1','gopirajesh1@drumee.net'),(485,5,'$6$c1ca8803bcb22d3f$OJvULbxSBdzZKTn8UU7VWfYrS5yYZiv.2bDCu2b6HiuBgedKHBVwH52BDwvVCBO2qvDFCnph3VRCe2Tkc8Jbe/','gopiboy1','gopiboy1@drumee.net'),(486,5,'$6$d7c05e13b0e6a91c$NQO5yXOzY24jGwM.SZStzkEjh1bwvV7llYE.O2.WjR7ywNrZc8oc7ZLxateoNwNKcNjVpff9kEYL9aCs6VFI2/','gopiboy12','gopiboy12@drumee.net'),(487,5,'$6$1463041f58a5585d$7Sm.oPlW./jPguHv9OzGsQgRvLPFmomXVaDHhFCpxDJRQuZKmaEfsVHMLxF2oIHXnxPgoC3uMhGRDUreXtU.s1','gopiHORSE','gopiHORSE@drumee.net'),(488,5,'$6$79da0984c366490c$lzq9rUrBeZUfe.y7YkUVPIX.MIwiqgxq66.MD9pYooDda8k3UqtW8FiGhMEcsaJXv9tS3J8KB97Trr2iJqS3x/','gopiHORSE1','gopiHORSE1@drumee.net'),(489,5,'$6$79b753436a2e0d0a$jJIhajdNdKBanfrnzMvGaA.dY4kR0kuvUubc6muvHlKIhatXb7QwlEeDgiL.6uTg86zQerKXYnx.2LQZfwOUZ.','florent','florent@drumee.net'),(491,5,'$6$0fb3a972a7fc47bc$WjgG1EFU.wV463v..Vigfkqrbrn/GgLtZlN82JVghynrsHY6PUit6z4Z8qDK2EY7hZhptOcm./KRA4WBZuYH71','bruno','bruno@drumee.net'),(541,5,'$6$e1d965d173f6a750$zzqL9mi1RMePpUjorlNYf6c1kJWkXuSozawwFuwrj3Q8E27iZ6N.3VLrvi9rcQPSiA/PYcmugp8ZwEJZB5f9/0','spivac','spivac@drumee.net'),(542,5,'$6$57b23266eb79cda3$FJYYu1b5EUBNbPc0LYOlazcGwcp4mO3QyZixzOo3GlrWYNDxbnsROXQH2Gfe4OZDrxP4eXAUhsrkBPZ6r9aMa/','testuserstan2','testuserstan2@drumee.net'),(543,5,'$6$e720e5c297545e3a$2mn.Fwya.V/NVs/tbkwhKb8LNYGAKuzoEfi/yHbG9B7OiBEaan9Uu23.ot32Gs1yfVac38nWa.3mlDCyvzq6V1','testuserstan3','testuserstan3@drumee.net'),(544,5,'$6$089bf4b1f949d38d$Y0tHVNm7BItxQ/UIaL4PJnd9q0/LitcQKgX1qDP7cRpncApV8uMhRt0hSg94CMgArrmJ0HvYHmyW3eZUMpJf21','emmanuelle','emmanuelle@drumee.net'),(545,5,'$6$b900cc3f69992e88$h.ENltxBBL11LQR2eqZ.WOVr31ER3Y2siZQ63Bg1hQ2vx5iQZGMc9cBxFzQ1EGdxDMzD9sCHHI0.2IE4FHJ7d.','so','so@drumee.net'),(547,5,'$6$3599c6f51bbe4446$FKMIqJ3e7MId/JNmGnSGA91fcYJVIVN.Vwdak9EwpLImG6hM7tR1UtrIeWyimpYhsdqOWbI0pLIxscfCk5TP30','testuserstan4','testuserstan4@drumee.net'),(558,5,'$6$1643c223442b961d$kkoJdyw0YNPglV3Ni2CNYpeAl0hX.VVbrJVVPhuh1eI0AsT9ATrTCZXZosTaWgeu6lLl8L7WjyzU5d4h/fuEW0','stanislas','stanislas@drumee.net'),(579,5,'$6$1440ef8bba0d47a6$PleJyULDsAUEA2p9/W06NQal9tdsGp6N7iaLAjYo.ACI0YT63mJtYdWQWJoc6xliLj2SKaXSEpE/UbyPUR.050','2dy9m2krjszxegyb','2dy9m2krjszxegyb@drumee.net'),(583,5,'$6$b8c3b194cbb13571$a/ux7oVYmVzfG/PoVBrjPo1Lno2lJezZCOSpTw/RwqCRtNFHxx0iUFygt.Du/KQMbBoNhAAudtDJHO69cGPeK/','2dy9m2krjszxesmj','2dy9m2krjszxesmj@drumee.net'),(585,5,'$6$9a9fc213d30640a8$twqAMKS.3g0dXKlYEQ7BK2ta7da.6Ck/BNwUfNjKG3.nYGGbfJj7sl.tT9f8xcuIgpsMPehLbgTaiNcZ0zFqo1','null','null@drumee.net'),(587,5,'$6$1ddef41bd2f8377a$tkveKx879dQJU4mjhlAwkdcGYpHYsCuhMqpRESF9LsOqgJ8HsriEOtZyX8rF5y3iH6qNU4eOj6YtMMWJsacQX/','rachel','rachel@drumee.net'),(589,5,'$6$1f0053c396279a40$VhyrwPbC2UuuDBqp4TNlhznUJQxV2R4NO.BA3bOw0pjte0/2T4W9iS0fDwoQOK/IBgZzfvtEk4qi9KzQIlli21','Ident','Ident@drumee.net'),(591,5,'$6$7bdda77b22eda962$ZO7p0jNJNLOGH2YcZrAqzACrtSdXPuqYAR5uOAhjgnR1c5vhIwFwU5zrMK8mduhwJIjf1Fc1FvGqTeCuFj9Gi1','fivosdimitri','fivosdimitri@drumee.net'),(595,5,'$6$8b363efa123985fa$kQ687ZhHvJ8kSEUponFZeZf88PiW2TIno3otgayvOlmPc.0wZBHLh6GRcLGbzrKhR3ULkzMhfJWC0mVA.CqNf1','minouche','minouche@drumee.net'),(597,5,'$6$0f058a0fa23326bf$WqACz88Mjeh802rnuvaxPLOaSbsS5LrU/IspOoGTr4ZPQXHHKVzk9eoJYzGipXhTAsHJIHYuQbnmhurBUU.d9/','dpa','dpa@drumee.net'),(673,5,'$6$55b86ddbf356b3ae$.3cW2LEzQhw0gYZ3P9n4CA65IDAO3/MPhb05ellUUVeL0DMSWAmkPcCO2mT/8ZHlZxTZxMtWEJJI5y.MAhbuE.','devaraxm','devaraxm@drumee.net'),(677,5,'$6$ff0ad68785cd8d69$arqVffvAbDf.PwU/Ng4Lb93ff18y.vEZstph42zAoCKSFn4aMdnyHuzhjfLyv/swYnzKf.WSFZKsScWTHOzCw0','odise1','odise1@drumee.net'),(700,5,'$6$97d22bec32ef5ffe$3ctcAfe6gBsKC.iUp7Z13aXGQ7bBntokfbzak9fWvtY.sY4uF/TWp.YZk3A.ADFreBNiFPbq/o7uNkCgjZDYb1','hmarande','hmarande@drumee.net'),(701,5,'$6$110d1975f0f07e06$xdyWqaBgQx6QInOZ6Fib5oxDcQqUDh9dk4KIzZtAGekmZsCNcGJn2MI1wnvSjwMXZbb1hNnDzUqiB8CqX7Dni.','ncdroin','ncdroin@drumee.net'),(703,5,'$6$5cdb7716d4716cef$DO1mEgnqiH4vGWa82BpaB/ntzH6Mkdw7Fyk4XWNrR3AKXMkxIetZkTanxJ69.z8sqWvoLrpU/wDvctX5DetC7.','yann1','yann1@drumee.net'),(758,5,'$6$dbad90309a58624c$cO.YXOtdfXxqe1xk27CTRFjWY1cwrpCzvSEpBpAJZ9SUiIDJ.pXtMn8GpIG8VF.V2zW6ABMMaNbvWpBTGU95W0','iddroin','iddroin@drumee.net'),(760,5,'$6$2216bd40c12ea605$/AaNYZ/K4uP7Iap00dBigUZGqdrhLtFqJzge6Eba0dZJwwYAvnbqruFP2adlLs6Gb0y251QbWvp1AH5xFGsER.','pexi','pexi@drumee.net'),(786,5,'$6$f42ee0355e31de37$laolo6l6OviFLEgIgudjQ8/unVEUvWA36uKZ9fiLJ3GDapa.d5aJPKJBvTbLQzceN5a3Ul24lpHk9FGiZ0u76.','dillibabus','dillibabus@drumee.net'),(792,5,'$6$2b76445c25622e2b$sHj3cBlYvIEofzVkNEetZuVAMsptLJj2XyxmfhXW1JxyN6Djj.bLckMt5MOwwzBeH4telRutobP42dcndjJYu0','saravananc','saravananc@drumee.net'),(794,5,'$6$43268d379b964d11$0CUewgbp3/bCPQHvTaC97MO5PU3U/Ub5GZdkPG.cTjcvP.XwOFPc2IzIM7F.4P3bAiGjAKvyFo1hmHoth/wvU0','vijayabalanv','vijayabalanv@drumee.net'),(795,5,'$6$1db2a013f0438e20$Px4o.Toc7lpPYi651OwA27qxvBlcPR69cW8qy5lj/01njCp2l2Z95kDiyoIjfQz7o4JxW/AxSc0VZybUKhQiS0','guhanp','guhanp@drumee.net'),(797,5,'$6$fd2abbe2f8dad091$PCOqzbpCuSn3Vm7EQw.ShPeqcIA6d5khbbcH.1WIy9im4bAraMeS09Jy0AE0rT9Fh1oIS3IpdhTHf.rjUsWYw.','mdevarax1','mdevarax1@drumee.net'),(798,5,'$6$cc580b29ea4941ec$XFYupGs8fetcngKVCUMswSn.VbPxRHh1PttKldCf55JPWuMzH/frrUXEBZgnNWnULNRdRsJPUi.SAbWLnjWlv1','foulques','foulques@drumee.net'),(800,5,'$6$73de98a837f661cb$g04YaMe3tWVxBcxp0WOWT3aOkl8POaiyUvxfIPl8le8Yu4RlY5c1kzNvaHWxumfez0nUzjZIT3Ou0Vm9JbVEF1','theophane','theophane@drumee.net'),(804,5,'$6$83f5a7b3ded9cc11$6mnd88OvO4nSvQHGRcRVLZu6oa/gGPAIMilsMVDIioLOMtWTvRLQhkzTL175YwR/Tvti44/jrn9qSpBK3eFj90','theo','theo@drumee.net'),(806,5,'$6$c7b46b60a7ae2338$96jj/.KQtKBCnXHKoKJugtpib5SSiOEf5I/K0VhSc8h4R1GIRUIDuY6ALuYLSqW6MQ2h/0bnIc08A7NMZceKt/','adriaantrampe','adriaantrampe@drumee.net'),(808,5,'$6$4f812d28640555a1$NuxyDo1Hi9JT0Q4AHGiOrLU3Aor0WxPMA0qNzq1KfJMkswUB4MZaM3KkinzCe8D4tpOFvXKxPxkBqeai/cqpi/','n','n@drumee.net'),(810,5,'$6$e1e830a64f440131$AUAMjIE/RzHbN6hWCzc.RTPFE5p10w3nfI7LO7A7bnRWkIhcIVXSwxrGzps6oPKvM1HlVvym1XVRPV7vrrZeu1','c','c@drumee.net'),(814,5,'$6$fb649786e90b7736$nAFdg9VjFEzvfyJ7ByKFfM9fEWmSdTr3IdVkC46rlDd7BWhxfHUFpp7ZFZAb4Z3WN8bWANY5tfuiuYq6Ht/qO1','koko','koko@drumee.net'),(816,5,'$6$f9c147678ec5bcdd$QZwyzICBtog57r3LtDMs2SMX4Bswdt1HhU2fwgS12EEH1GgRNFmsRoP4FlS2Avdc76nN4mxSWn6cuXQgwEn37.','olivier1','olivier1@drumee.net'),(818,5,'$6$3d35c33f45324e4e$ReDJm68qWmxxAZbFww.Nj4v26Ne6KwFclBCYn4vO5j3lAON98hI1Qxl3RTzMzFDrXCF5d8WgJAvE8PKiXtgXS.','olivier2','olivier2@drumee.net'),(820,5,'$6$d077312173c98187$5VnWlmLqRUKBw7h9XTIqzQxmtPOjH61PELyByNsuJgj9JTJQDiKrbtFSK/KloJaog6Bu.MasoKRgdsK5ImYKL.','romain1','romain1@drumee.net'),(829,6,'$6$3c142a743fa08be5$g8BensnHq44l81/9reVSKq64E7inNSCQy2zoAkrSwZRlHI5g3PyXggqCb8qVthYI/RkGRtjVDVVHEEjszEnnE.','somanos1','somanos1@drumee.net'),(832,6,'$6$e48cd0519b5903de$VrQj/V7V3PvX0hUo02w.H2p5MPWD99W0mw.TqsDGH8bs12S9kmja1nlgie/bNattP2CQawQgk7sXzoagbcUwl0','mikael','mikael@drumee.fr'),(834,6,'$6$3165dee4ef7eea29$TWtWpssnA9qemqu1TgARPdLwc6VpPx9OqCpcOll.t5nGFInE088XBf1mry8vnsmFE8XEvQp7VS4pnCyX82scU0','celiana','celiana@drumee.net'),(836,6,'$6$4975d696d30f50bd$tGdD0SqDjG5PJVq2SZ2CIV3DVymPRsQ0mH7DxfcjLiQVr1W1T1uLcpotERmV4pDg0/JkUWhyNzr5WQBIOMX7l0','samantha','samantha@drumee.net'),(840,6,'$6$6f83d0d637339d51$NSwN/nBBHM9FdPXh3hVIdLP0fgAY9RErJyn/LpVQBX.oUIJ7I7HGInN5mG0EWsjrv.a1ZrpWFWDSIXR37f.IR0','kt','kt@drumee.net'),(842,6,'$6$86882a0283c32b3c$JlogMek7Kq6XTyscWVqitHJMUkIH/xO3pThyoBDXdk.W0nFQ6I0EjkHnyaAhQ73ub.vQHBOTy3xRPbY/rz0.2.','somanos2','somanos2@drumee.net'),(844,6,'$6$87123754ea0b2515$fxHK83kaAASuA3Z78Hozh/QsZw6dV0ySQIa7bxvyn5v446M/GPWmzDnlOu.ONOz6VDHjGK0u0xVg.M3RBpW/D.','florent1','florent1@drumee.net'),(846,6,'$6$f728606c73c8ce65$Re6Qtc.27KXi5jyCZL3kPuTnvLUgLaSa565R7wvdI79A352EDaB7dOFFypSIRqkpc4..BuVs1Hon1FXvDuJEu/','avasse','avasse@drumee.net'),(848,6,'$6$169e2e3802594d0c$NSKKZ1btf6YOkkAP2fCnw.FncE6KKNu3q11UFOtGiLQnHdLCpVCL0I3TzO3WEJr1eLpTiYRzkWZnNUdzItE4e.','clement','clement@drumee.net'),(850,6,'$6$78619a96370574d0$mNxPGblWDAqh7eIRIJehldX3L4oeHOSImnrlKyc9lDhscJXwzEdlUKBqYldMMrDfF7ovM/qGX23ICxsfQi/l0.','emmanuelle1','emmanuelle1@drumee.net'),(852,6,'$6$6b885c57d291693f$vqjaCc/9vEDKh9d.YCUKf6LYoYHT8yzLs/qvM3XAmvVcWaFoyB/ltK2Fn.2eWHNIWCz3B.y8ux2CKIQpG7MQb.','somanos','somanos@drumee.net'),(854,6,'$6$9492f81aefce0f06$R7QPGu22gJ9Vb7J.yNHAvfd/j1WipfcmH0CjqNBPnfPXHa4zNEnl/E0eX5JOgoJnF8B8Ar2LtEnUIaTA4/ttM/','francoisvalledia','francoisvalledia@drumee.net'),(857,6,'','brunatto','brunatto@drumee.net'),(859,6,'','cecile','cecile@drumee.net'),(861,6,'','nisel','nisel@drumee.net'),(863,6,'','philippe','philippe@drumee.net'),(981,6,'$6$3da90eb524337d84$SqfG6DYlAs9CFu.b.2kVjHOO14B2djpaIz0qxottVTxRT0uHCYZ4IiA37oVUCYytdzxqfp7uUmPRDLxAOaZ.k0','martin','martin@drumee.net'),(984,5,'$6$12b668cb0830f0cb$q9T8Ei/kKfm4PAsxtl8XFyfs/pyVEUDwD7yyqF85g7hh1xWdT2yB3iWzy10v1LiEa05GJHt6.aA/mHIJf03do1','christelle1','christelle1@drumee.net'),(985,5,'$6$117f10d9ca7d71b2$68c4tNINDoaELPalouAVCOSCh6vJpewaCzvoRr.FUZVbHsLX5taGGcssYRkMEw1R.JnJjCS4J3pexbKtyLFjk.','v','v@drumee.net'),(987,5,'$6$9ba61d54c477f931$Rxlqs7FnxgAlZr3Wn2L69wJpknNfKo3YNyYIG86mUGzbw/c1KQkHktIPvztZrMbo0lFAOP8KXypbTgRYiy3Ux0','guillaume1','guillaume1@drumee.net'),(989,5,'$6$5ad5f27b13e8a4d0$YSLgOya10SZmBKNM.8tiPQbpaOtUjpeX/MaIG9buBrR.sI2kGpUrInfK1BKmzMQVvsVyw4OFsgvIwlQZS/orw/','amandine','amandine@drumee.net'),(991,5,'$6$5bdd9dd7e8984e15$A2mQ6NrinUo6k4ofg7DtaEKunq09SvUFoti9EzzMumDk/3HNdG7VetyMQO6Nppys1yKCmHb7ZCbvfOk6AO6jl/','pranjithkumar','pranjithkumar@drumee.net'),(1001,5,'$6$82059df5eb1236b8$18uy.spIzC9u9v4CPEBGxxDvxPog01LFlq8h3hSqLz496prHb3raUszDGEuZMEzi4b8uOgX/uHu0VjTNmSaoh.','pavelkutirev','pavelkutirev@drumee.net'),(1005,5,'$6$be241a7246d92a2d$37HHZx/.f2R78BEuIFdjv8T3h32rDH0X.MAgxCXSF.LkkpgP4b6y9d0WYk0wmvtMk3DHeHFgzlgAm474KEhQ.1','yann2','yann2@drumee.net'),(1008,5,'$6$279cd1d33c13eb6f$VdlWW/hutdP8VXbROcViWKhHl9KQIuMpcZQJg..NiUYMnLahoraAAnKdu2Mim/z9uNFQv8pgUU4/t58trgsYo/','d','d@drumee.net'),(1017,5,'$6$fedec35437022dbb$Zik8V1OJsNksLZQd8SKbqUaveOxlT2156OXyxgJx3itm32IzcFJIpYWyWqM1tAZl8TyA7iDmU8AF7gemf1jWD.','somanossar','somanossar@drumee.net'),(1033,5,'$6$b3b6e01679d14e46$jufvaRF2LjqiyPXRk1rfZKy26WAdmfDh7EMEZBLIqVPJTXzsDYB9iz/K6SRDX0fYezupL2ufJ9REX39Rqzyfr0','regis2','regis2@drumee.net'),(1065,5,'$6$f0905fe2aaea86cc$sXQ2XquMjZ6ut7jdfTY5tdH6f3iPcTzUsksuer2YAkRy7ZCh8JX1DIOC7Purmjqc0NKwsgFvDyeoIuX03VhRI1','fcschubert','fcschubert@drumee.net'),(1080,5,'$6$2aea3ecc9dbdfe50$m1KduoJBeBsAnGD9LaNqV3nLQNgZhp8UWZa0JdFQtsg2r3RDTA0fbjwJRUWzqi6A80O0eCCCzi/rMkYFS9SPB.','arun','arun@drumee.net'),(1082,5,'$6$2279c63b753036e5$OWNJhhWSYJJR40/QN94SFu0CMQWX99gqnuDSldI7QvB0tDBdqWpKnhLjcQVGIc.YcN8w844qpfTrGqpR4PduY0','tr','tr@drumee.net'),(1088,5,'$6$b7f36e69150afefc$4DY8G5E6.8X/QuNh1td6wf85Ib2KWml08u7zB5zJy4hg8WYI4XBaj3iMwaoNnS4U3xSBNDnsEHDB1xYuQ9Grg0','dataroom','dataroom@drumee.net'),(1090,5,'$6$d046f6f648016233$7dfu1mdcXzvxlf.nI6cca0MkLkM6hpZZz72ouXVvzPNL3woaXi9WAT0jt.R.wzuzpVmO/gJCbbOhpREbYWTSt/','tdebeler','tdebeler@drumee.net'),(1092,5,'$6$a9698fdb85073ae1$7eEFqSUBAhE8ReAcV4CbUYItlq5oJxSjc8RvhzeKC30ittqV2/P/F0JvjzAS/Ia1KL9v8DTArjExQifqVqLxB1','guillotinevodka','guillotinevodka@drumee.net'),(1094,5,'$6$441f20b5feae4532$DS4YAr9EjlqwksCPMk35yeTIB0SprycvRVq.i.haeNeG8hIPi6wM4tOGlwj1BlR21m6AutW5mDUN5NkfOdJNv1','toranjith','toranjith@drumee.net'),(1109,5,'$6$24647a68fb074b08$kRWSl0tVkeu6ThrGODNce051oKAN1oWcod6h2punO30xm0S1x/a.JHj4Tr5rCD/bSS4w2/vmdTH28FuHJWsS6/','spelletier','spelletier@drumee.net'),(1111,5,'$6$b9c074c349fef465$nqhni2GYQT2Q86naI6imJO4yexUC1B68RiqY1JgPFbPv94ObEzMG9D3ZjpaC04dTaaGi/IMC7rSPfImof3miI.','mdelarochefoucauld','mdelarochefoucauld@drumee.net'),(1113,5,'$6$1365bc189e6a17a2$9lVeCcMCq4AFVU6JLl1kbxFG4tjG3TCbva7CxpLHfzci1nDH/N/dZsTtROxlRsHd/HoOltjzf.YJrITWoganO1','eleclerc','eleclerc@drumee.net'),(1115,5,'$6$6b4f3b73bf130c42$YaF2NYxviTiHdVVF.Ejf7m5zeEUBJhRtH800eYUfr4yhvUliuRLRChuq3u8Io18blSMHWcZDVreA9PwIwIETT1','edangy','edangy@drumee.net'),(1117,5,'$6$ab9205bbcf18ab5d$5q54iE9txy1YxJh0KBX7UJto3UpFYQQXgO29lAcs/AMzbP0DcvEjFRPUY6486ZrdmTLhwJLglnSwvkEWUo6Gb0','pff','pff@drumee.com'),(1119,5,'$6$41e1ab289d96f14e$xEL6ur9X.PsftVO1wAp1V/iT6dEcd1mMaLuVI0tnZgjxjvhciQrQmLqt9GAMpX.7gScPJnCSR33vYDhnTc6yC.','bkeravel','bkeravel@drumee.net'),(1121,5,'$6$42d53bc33f1d2b32$7K9GtsphxdojuDH54Kv5eJDQR6Bffm/coxM1TUQmk/rgrpHwT75pF5fZtFIXKutZhe6tFlneslFeV8Sn9MNXh0','realestate','realestate@drumee.net'),(1123,5,'$6$12cb5a5ce22795da$W2ZjedLGsNT7mYsNDE.xHldhLYO.uoEfLhiVtWH8tPA6.xgPf1mj2LbkAYY8LLLLP1Vf5nVQQGbvWg20.2YVx1','thibautgs','thibautgs@drumee.net'),(1125,5,'$6$68060eb7faa5a508$myRbTAFMpb.Xtd2zRacWkMQQsovYr9A8TQZEPKAUQnJU0/xUWbcnSVS/AKkGTnphxh7EbLb7DbxTkD4F7F9ob1','aymericgs','aymericgs@drumee.net'),(1127,5,'$6$8a6bf888095709cd$Hnmu0hSFOIo6pO8H4W1zrT2L3aOiv1erP4wP.GHiek37m2rP3On9kVLyRBsmfIBk48XyOKx4nJ.QPoibdPmvZ1','colombegs','colombegs@drumee.net'),(1129,5,'$6$cb97435c9891dad5$PAbTXaID84.ggSPbB65sIDBphM6DMX2axy35clwoXbQXlnGOX3uINq3cQWVGy3Hz1el8Zh8RkyzXeT/ItVAfP/','colombangs','colombangs@drumee.net'),(1131,5,'$6$b4bbfa3a67c788fa$L2PLXnKx40DrxG9h.Ujin46P1TWDc379ZJB3jgNjhfCB10gOUnsVNC3CrS4IlWcskSZxBDMa1h6aadXd.FwCW/','antoinettecp','antoinettecp@drumee.net'),(1133,5,'$6$1f374a7fbf24ba6c$C/E.clxhrbj0KXTXexGg7MlAWuMMfeU6GAobR2lQD6z06p3jdZ1p1QBGyD8fZmKVVCpiTeUSzBrCmRVfgK8od/','eloicp','eloicp@drumee.net'),(1135,5,'$6$6489b6345a1b78ef$5jru5jMEDy7.qfphWb2bSrCGZMu/UOc2Tv8YFrzj9mzn85wIJUoKP8XA7c3xhy6ZW8OlCdYC3AjKrRvtQh4Zm1','foucauldcp','foucauldcp@drumee.net'),(1137,5,'$6$d22b52a02045cff6$.YYAcQ4Ee/lSKRM0.mTLRoxHwdZjOXLvKXqfIhsFfJO8RTLLw70/bgQb6a2Ps9mzrLXJHIpOEaYt8RIX.fT0t.','eloisecp','eloisecp@drumee.net'),(1139,5,'$6$8cdbb7ed23e5cde8$Xwu8yPTj0ZT3SFl4GVec8BL9A5.oLW2UWG68b3skc1LGRqPHcjtVAuahNkDoTt.9stjaOjNexZqj8c4PMDGUj/','berenicecp','berenicecp@drumee.net'),(1141,5,'$6$b98f07a7db3fe0d6$4mQer/1BvjPOIo8w5PeMpJexQVmJRE/V7Hg9ulYlTkceD2crMTRBwHA4ZLL.tz7E7CEaZ0UADK19ORZFf0Gzs.','priscillecp','priscillecp@drumee.net'),(1143,5,'$6$19c790fee2b7ee54$2lP.tEhljNqx/.D7Hvqb9/V733OZPc1t6eLJ9QVKA6r7jw80yZpH/VgPfKPBtp7ogUm/RfJxAI7BcLIq7R1WP/','matthiasce1','matthiasce1@drumee.net'),(1145,5,'$6$d835c0b55bfece3f$0.uzTaKEJWyJcfPAeqxsM77nRryLTfyh2dy6mF/x.rrYF5djs/fEDa.pPfMFOQTAxqpXftJj60s3/4SOxf0pa.','francece1','francece1@drumee.net'),(1147,5,'$6$dbf364209a88a87d$BUQCKms5EpKtxkNl4x82oA05SEY/Xj1oq/hSz./UhGA2H.BpiJYMrvkEfCv1dfV7jtsVO3z9MB9aU7yT.lCYr/','maelce1','maelce1@drumee.net'),(1149,5,'$6$f22692f26d81e3eb$49l/np/g7lqrPczX2KEXguutfFl8oe2ktjeKPWR2nGVejWNO.BRBHl9FIhPHggXlirVxvJ3H0E3Hsc5kEsFX21','jeannece1','jeannece1@drumee.net'),(1151,5,'$6$bbbb2927ff603874$q4SanAz.vdMNmABuU.tA8lqY.HTi3hsg0XPs3azUsTYxLHMg3Q4C.PUJnk/d/AAuo22Dz45jZyCcU3TVfWAZQ0','benoitmce1','benoitmce1@drumee.net'),(1153,5,'$6$7a9e99ac7c1fc9ac$2TOttSnW7pFVY6K0a9P1G5kvl5X/KFUA9EtCjmIJlTIN7hiatenkt2jdEc9lWd45D/SQE/EQ/0Yih4pNjpPX4.','domitillece1','domitillece1@drumee.net'),(1155,5,'$6$e0ed3509a89520a9$ZGrJS0J8vBPOEb7YOiyR1w4QMOqo.UpNzQNhuzEY3qwrXUTheWLkomSnPcZH7p.JemLhziPAXJCwFeFXZDrNn1','cecilece1','cecilece1@drumee.net'),(1157,5,'$6$4633f43141585762$.0uVPoxsSqNr3lCnKpGJ01FxEh33CDCiWATNy5Pw33/nnO29ETzSNl6jfqNiTXtp1q0o1CT0c.Yz9lDmExSCi0','madeleinece1','madeleinece1@drumee.net'),(1159,5,'$6$843121eaa7e2adfb$8oEk65ZpkfGAn82DVqNngqtMZEHmaBm4TWMShgkZqtffXcx5N8YnhtsEab03uFRHkEGws69rkYxRhBD33V4lu/','alexandrece1','alexandrece1@drumee.net'),(1161,5,'$6$dc11417b759f1db6$Nb76GtwNdcwfQ7kgAP1rVSeUNQRjPhFf83Nv.11h0rRdoJzkbjmNVZHVwXbClAcQbFZjZxGkrJkjvVvEumL4/0','benoitsce1','benoitsce1@drumee.net'),(1163,5,'$6$2f431e508d5ffd54$ggyfKZI8khd/bG/PETXBExwf04MkUsyPn69KNMxsY6.kgahlPuuxi4SjXUIHyrErmsqf7Dhcnp/dowicZH4aI0','leonce1','leonce1@drumee.net'),(1165,5,'$6$a9b1bb903eb91a33$h8qXLRkE7jpggWQXpXxclcZisMWjIQiHHa7cbFpN.smCf1WbIxGwj6JOvt8hPRRnAg0CPjrB0FOtdoxlsDtcR/','mariece2','mariece2@drumee.net'),(1167,5,'$6$a870942da94e85d7$xk7Yt4xiqs9pqbJ6vmFImXG.Ecd7QUZ3ZUlsebQ6JhnIlhPikf97h5RqLHb/3g7cgQQF6suo4M155wvDD2X1D.','ronance2','ronance2@drumee.net'),(1169,5,'$6$287bc1e54eb2d9c3$hmeievBVmHefdGESB9vhdHM58KnM6XnOX0ylPlDEEh5BKhBK5bxYslR4z/EhRmHYZjYe4GOB/YsMHNipycjAL.','annemariece2','annemariece2@drumee.net'),(1171,5,'$6$91322971ec784db8$tR10hlCavdks2x2kCgsRW1dQUDDLF52iPaC3sruRCga0bKCs.hFvoJk3FWFqwvhe1F2Jo2F.g1JFOniXRC2OW.','sarahce2','sarahce2@drumee.net'),(1173,5,'$6$5624834b7e2bed91$tw0fOAslDqlBVS5RZqUWVyF/BB2wrORrZLOZ08tHrt/h/99weIrmzrJJetgZjt7Q.N2BfN.y6UaB0kzU/JzPT.','yannce2','yannce2@drumee.net'),(1175,5,'$6$d411f54fb71f4f84$JGZlRqcVe3wLfg4epgkYB0UE34m3IQnrMPvKxBFKYam58AgGfD8/YPnKyLWsH.p3I2t1gUBi/1NCXNzKlxITt1','simeonce2','simeonce2@drumee.net'),(1177,5,'$6$4abbbce25d2b495d$3AmGMoILSWVo9at10rDCgnJd2oPnFC.rl4Ia3yOaANMPqQVSHiWR3xE/Xa0/0UdPn3/2fSg.MP2Ag8h9ngvwt0','domitillece2','domitillece2@drumee.net'),(1179,5,'$6$b1b17dd75f6c857c$6WiBig48qRW4rVFkQrRnmqi1pR/nXZ4Er02UCV3Om9MpuuX3iFkeFTuuV7mpdyw7D1TMFULrNYyks4kZpiWFn1','gracece2','gracece2@drumee.net'),(1181,5,'$6$276083a77c771e88$MlJOx9QauNXy3TJzDI5vTvFJIO0w20.qNXUEDyAdRUb/ft5DaFpnGql/61807OALaaRjoQQUmbgYGxGsOvxu2.','clarissecm1','clarissecm1@drumee.net'),(1183,5,'$6$b77d2ce6b52e3c25$3SLKHr4bJ2SMN8r3BzYio2rKKGUzSzpZWBaOC63Ktn2GxJFVpd6lN6UgF.JdUmAzp.IdLSJx48/2wrFtEVzNb0','gregoirecm1','gregoirecm1@drumee.net'),(1185,5,'$6$741d0b55267dfbf2$7PKZsIkZx/FjFaOJr4kyL9WxT.eA6eVg2bY8YuiqZVHrUjMqfMI4O7MMcgW2BOFaDulIwJeIiwNE8JReLZsTV0','klervicm1','klervicm1@drumee.net'),(1189,5,'$6$e292f433c1af97c5$TRj3dCcmHfZjMgRZOO864//b1q5bdb4dYblnDLc9Y2WbC1rKttf57uNAXuXXO0/CKysA8ayudZGNBmksw/ha10','faustinecm1','faustinecm1@drumee.net'),(1191,5,'$6$2bcf5867541b3a54$knaiq4k3fwrlH3iPQl0BEmzGTOtCPX09MOVwhw/6kNXWmrgSQgESpZkUkdTGOHfwbZylrbZQa3ZuUys53ygM11','corentincm1','corentincm1@drumee.net'),(1193,5,'$6$c46b9f3a9957f94f$Qawx.AKhMFVoSnXxImkSwFVbKZpIyKFYuril8Z6QNpfczVUaa2cUpZ/e5s/73OcMJpRkmPVku09FWALgGb/2C/','brieuxcm1','brieuxcm1@drumee.net'),(1195,5,'$6$f77953cb53e550db$mUVsvcty1pD2ehQ5j5GCg30O8MzGgbdu9VxjPT0AUABzfGEjLqJCFMSi.UOS4slrrt3FKCMT3a2iagrq8ab9F/','elisabethcm1','elisabethcm1@drumee.net'),(1197,5,'$6$3ee25053ca292ed7$ATuSHspk7LnLPbisOv1owd6zGlLKU4nREYnJRXfqNOJ.ZRhYKcL21nBPs41bPQlRwJcXlJOC2GFvp9W2cIZrq0','ombelinecm1','ombelinecm1@drumee.net'),(1199,5,'$6$95c3e45eca855437$.VXLwuYxQQXKpRy9skWFAacvT0xz.bkHHpG/n2MQijWUcH2SGSRoDoncWhD3EWm6sTOwRkTRWwjS2hGzJa1nj.','thomascm1','thomascm1@drumee.net'),(1201,5,'$6$800ab9b26c488cb3$OO3C9yusf.ATSC9n947.kTyBrO45susEc94h5T/GZc95vKqs3sWOBMe0.l.3d5qS.RJnqtlllMx9MMhAiiE5y1','comecm2','comecm2@drumee.net'),(1203,5,'$6$c7207da92902a604$Oy8qH/9aTpa70rb4RFO8XxzcgfiWf8TkNobedCVICOdbmQk1ByUqnSMzsi/wsgmVQ.YMQAtnLQxbnwmyJNGLP/','eliemariecm2','eliemariecm2@drumee.net'),(1205,5,'$6$1cb61b4fac0b4dc9$DmHlAgJfIhfd6tACTtMEDQ9ksY2Z4JCfNkUOm76l6veP1EDeTmP.xP3Cp/2YgSroXRBj7r/j9KW9ggwOH7msy/','alixcm2','alixcm2@drumee.net'),(1207,5,'$6$3b91160898f8d139$JQ.RwylZfElPzxJ.OUTtEe2RTVvkKTsWNIxtxMsamtfCR.fNQI6iP5kA68y61bMq/Xz.jTJMMZ2YDvJjEPgO41','corentincm2','corentincm2@drumee.net'),(1209,5,'$6$65fa241f5315f9c7$nZT6EF6C4BiM5D6WugMp0ovM.taHRd21dbhQXybryKGAqckDbqvMTTFgReXJoyeBsk3NLOK8T0JLfUOb7jvl7.','marioncm2','marioncm2@drumee.net'),(1211,5,'$6$a87811afc6d8764f$MgJ8SP7XFjGSp0xDrHP5OM16fJM2JLFad6VLUiurE3PSmjYo07TO7boWzvxBGiaNw1pGRGJ/1A0JI1ujL7KZu0','contact1','contact1@drumee.net'),(1216,5,'$6$5ce9919746216fec$.htaH1KoLKOv.vcDtlwYUpUjY.Qo3hO/sOXSNo0O5G7od6j3K5Qp7x1An7DDBW2XQwC/CS2u9pXE5BKsM8K0L1','alln','alln@drumee.net'),(1218,5,'$6$808cb3018098cd88$2GNjIOXYop8cHja4B/509LrwuYDYAplHsbqAeaIUMXeDjfFd60JNrKp2.9jWUokgi4dBq4lYTKigvPC7IXJJl1','alls','alls@drumee.net'),(1220,5,'$6$37031d5449ceefd9$hASRTRhMY5EfYauCsq7hvGnQAFXEv1k7Ff1EHEkcxq5BijIqBZZ/SWprbKRkZE1ru6/EbXxy5HrIekqBmSkxD1','baud','baud@drumee.net'),(1222,5,'$6$14e06efd2b2cf3aa$llSmej3RExWPXh9aSVOJw6rRDG/4t22x5I4LWI5eKU5reOTtige4EdyssLqtTI6h2.Mq46WxH9zmVAFBlpK6h.','beau','beau@drumee.net'),(1224,5,'$6$b611204349eb28c5$abm.EKK6yaZenZ2.dAAJU/WL46iuFl2iBbyUVZny7i6N6knC58tLPUyljeY0YBTSvFYUubaf16HpVZ6hWB4sn.','desa','desa@drumee.net'),(1226,5,'$6$fa06de89c7597818$bcX1Algp/m/0MtoyPzxQ5U0m.9I0KoHCltV7LBk4jpus3sbjl4oOkcFJGKg6kJKV7mpFUnLzLLUHv6nt109iU/','dupl','dupl@drumee.net'),(1228,5,'$6$566feadfa7434091$auZZUnZorNSTS46oik7.rWsATIhKV.tLgvwCMVT9YWFtCJtl82T6UXyNDK933tsX5dQdUb9ACZl4cIc0/DhCa/','hato','hato@drumee.net'),(1230,5,'$6$b18919eda84859ec$/46Ak7YzuyakDsSspc4blEE4DflhRIcyPLQ33PsuQlhHvtOxjdChR07MUCVj43/bv.F.9tJp1XlBlHoZZrTjN0','hery','hery@drumee.net'),(1232,5,'$6$776589588f6f8616$QaLU1vesfJt24m2n8CKHB70X6YJClbf5GMKzox2ZM/m3mYI3efXQAyl7ovvif8iefqX3hUNl.1qumTVBCKK0W/','hot1','hot1@drumee.net'),(1234,5,'$6$8c90677d5a8e2c15$i2/aKqtjMTe2YWrtA508zoljYYntIhkRSS3/67jOTuEOGt7cw4eMET4OVsG6X8K.mlopRz5EY1t4LBf6dAaGz1','janv','janv@drumee.net'),(1236,5,'$6$0a1cae0967a0af81$jazhgC37H7XzHK..ukOQZ1lRCOPEMlb3Brbnu/Q86KvMWatQVxVpmxwjkwAUkgRNKGhSjC8eOpLqYE19wcu5k.','joly','joly@drumee.net'),(1238,5,'$6$4c0ffb6e6799fbf6$Eg0xBJfsZURDTv7hpBDz3iL9w8bFFkdF/WYXJ8/ULL.XdGTgW3T6tfR5G.EyZNYYgvQTfAI6Q4qW/h0Q55nBH1','monn','monn@drumee.net'),(1240,5,'$6$666ca3601bdcd264$N5NvztIGrsl5CjcdtCD8fJFy.uSEl2YDMkW5FS8Jks2rb9DVR58KzKuPIo07bI5RR8D8VLOY10SdaXtSH4Qel0','roch','roch@drumee.net'),(1242,5,'$6$e72ea690d27d6c07$wwseK/D683HuWxpXjUPvN8CUpdbIoiSIcgFRSUejnfc/wwrEUE54Czw5jPG/mG2Qb8DP0Bm/gkR5Yx6B4SM3U.','dort','dort@drumee.net'),(1244,5,'$6$7152b50ac3709766$2mRfRaKQdqskoL8K4NjNUQE9PMueCHl.apVIUqzJ26oiOY6w3FZ/nA9ZibvCtcqyzcUa4hEVul9p610LFRVAe/','lucc','lucc@drumee.net'),(1246,5,'$6$f36a9e039a125df7$7D8WrN58z8YO.6xndO.cKgz02nAMC57ENtn9KBceXXQEmK0hOxKT5.ndFA.cQjapJ9TG2J0FucSvkZAQmXnmm/','luan','luan@drumee.net'),(1248,5,'$6$dd5002509f9ce0e7$npoYe03yhkF36fg1.9.UYIHnch9mizWQTcI/BgofVKNsvUGnyxfHrg75jF3V8aGlncDrT7oDVYjkz7D6Sb.He1','mark','mark@drumee.net'),(1250,5,'$6$8e2f5410fbcd3531$.YI5cSk.l/lSAoo/z.E9Vh/Jew8f5KhXx7OwN2GKqjXdI4y0tLoMjCzcRnsEsMZQOqLBjcaNgcOADARUOBPZc/','pina','pina@drumee.net'),(1252,5,'$6$294218221aa7f8e7$NDSeAihV8VYLnZuVFkSj2oJ611PX77KmlZHxktoS4CfR2wBfi9ErvLl.YctvtDWttJUx6jQ/RbbZP0lW/Jx76/','plai','plai@drumee.net'),(1254,5,'$6$e66b6abe5fae65c3$W1tFBkUxpZfSnRXqpR4qc2ME.eMtYx08J8dwx0ThBXvFx0YU8Hp0lNHsYtqgVeFVHeo.FP0ub6vF40zFF0Rsg.','quen','quen@drumee.net'),(1256,5,'$6$12e43382560229ee$0QVbDPMo7gJMyB8BPZd8pyGIuHvkhiUh/pD6Wo95.1ErRmGVpTGB/i2OLVskToeZGQhVLRNCxeg66M1gyyZcd.','ragu','ragu@drumee.net'),(1258,5,'$6$306daf9d4dcb792e$Je7rPYz8XUM2V1w47/RbNuf4ILSkllTm56N5kCOabdLHgBLI3Q4K.8JwlBL1EahmZQ2mML425WqUCjHzX4LvX1','saut','saut@drumee.net'),(1270,5,'$6$16f2fd923151e6ef$kcMVDWWwtzmf01dJoYl4RwNWNO2Od1CT5q0lDT3BEC6OSAI5CXKY7PcV94LMPu/rC0Bi1zdK6DD4eIW2VM9Zq.','celiana2','celiana2@drumee.com'),(1272,5,'$6$8884aa08c727bc7c$6Yoqi58lt.aw2S36W6Ax11kv7wXw1GIV/T4ZUjF.rGpTd0jyO5XxCtAZcL04FFcdzZ8Rf5NBS7lKr.l00aJLh.','clairemarguet','clairemarguet@drumee.net'),(1274,5,'$6$72ba94fb0e32a802$kl771xkRxN7vnHPjGhjWDRUmMnyfq/35W8Aol.djaIigGLbELN/Gqnxz84PCPCSqRfs/.wQl9JLco3kya/64J/','remy','remy@drumee.net'),(1277,5,'$6$d3e24994d7a9ce6b$xaHvKqbPZ7VQBp5YW/7YnhPU.ERTdICOYRD5Si96ElIjQZ3H.UtVzTQ6Ay3haerGIMzOq2rnxae3oZDLuIcar/','ak','ak@drumee.net'),(1278,5,'$6$7dd46388faac00fb$LAcWlxZic3cdCDPuT6.iD5zuGD1BsTuqTgfYcgPjdbCkitWgLl4CnWZjKFsarVJLzhBxbJpgCa5GLUayDPOzE.','celiana2','celiana2@drumee.net'),(1280,5,'$6$fed39a5af05ca274$bjIo6FPZNKtBqkBkSa3tujA2ZNHKCR1YhVspi2U3iPxDMx2AOccs.yLblBwVPbxFwE/mnVrHxgmwHp/1JCcAb0','estelle','estelle@drumee.net'),(1360,5,'$6$34fa75dba2329a8f$HYdieByBaCxxRDglpLV8v3CGzY3iNVYJuM1l6InTSNqenCYjMuHKspp0D92.1Z96FEclPWwNG7V/.UQoxnDMU0','fretinfa21','fretinfa21@drumee.net'),(1362,5,'$6$4f9bff779e63854c$7v7TyPMwSeVrgWHxlMRsFsSB8KOz2fmDJKK9.T1Ucb66vINtfWwypc4oKKIX9GWs1ACSEsZI.PDEwaMDgVe9p/','monneyronfa21','monneyronfa21@drumee.net'),(1364,5,'$6$5657d1765a1365a6$JQehyfaMu6/4vAWfPfkxSTMkL8jHVkukw0Ns0v9PtFFcZ/AHVjaiMjLBQ80fguS.VeqAmB8r9dYf1Q/3ws91W/','pageaudfa21','pageaudfa21@drumee.net'),(1366,5,'$6$f80c5f6bf5fb4b52$VU4.OncMr9I/uU/ylqSWiJSrWfSBNNJS1moJ6Hw2lpalBRN.vOHcHF.oAnTQ2/sSytOlKWsUzghzI8wWQKYdU0','joussementfa21','joussementfa21@drumee.net'),(1368,5,'$6$3a74bd5e562e15db$.wC7jonxyNXqQekIJ7Kx2W4mbBCNobSkJcGEAstVwbkqziu757Ur8kIv7IyL0GKExaTWhZ11W4XlFyjexMus1/','poirotfa21','poirotfa21@drumee.net'),(1370,5,'$6$034de11a8925297f$5/XD9xmnoJ4Vk4KaNhf2rMjlVGTfer.jjzLzPOYktbRmZIZpB5OPYO.IFR5Je/Rsq5i9nEN1RN7G86Z/zEcTs1','godineaufa21','godineaufa21@drumee.net'),(1372,5,'$6$bee6418eb68a9dfb$vmAx1UwOUjZYLrRdGmxE1W0q215laHP7ZXlWKRtYY3uvuzB2yR6zEW0gDL51F651obqPbU5iuGqBIFaRwMs5C0','brabantfa21','brabantfa21@drumee.net'),(1374,5,'$6$a34918e639e1bcb2$eCT2PD4u3ZD7ZWt4RuTJwuM8HQDFd43n.hAzp95r2bVScEuaUYtyAqkrAT8P2nM/DnGvyAmiOaZK7KcpTfw4n0','robillardfa21','robillardfa21@drumee.net'),(1376,5,'$6$d824cc5b45b5d176$YBbD8clR1M5Usdst0F1xo4MILHnwNMO0JdxfdizfOE68SUXDHn6jszsqtP/nqRaaqSBaYYHRzUZ4Js/W19dWK1','langloisfa21','langloisfa21@drumee.net'),(1378,5,'$6$8d18b80979111f7f$O.a3LYM/SZp9Pb/aWmF3VApXJuHiXEPdqJCT4qXltvn0T8j.UEbZi7UCxcBxqUuHalIRCLdXeJ7qXKqksyOCf/','huteaufa21','huteaufa21@drumee.net'),(1380,5,'$6$29c12e1b623d26e8$BQ3WPiJv3ieP7LWIwPnrlLLhoTMhab9fG3KB46HhAa/QTCjOHARTLLDnempI52xrmx1ngjOTe3xrZpGCizb68/','valadierfa21','valadierfa21@drumee.net'),(1382,5,'$6$dd2a23efc7b0dc5a$P618t6QPRFSwsTusVBHdIVr8Pn5pNOT1QjpBfN4gkSUKqeuvUCLLuiuLaL/YiULjms9FyI8ANmYOjkFIYVdZq0','clemencefa21','clemencefa21@drumee.net'),(1384,5,'$6$f487110c721341d7$a.7O13RG.NMZHHwf.ebzs12I.GKbIGuifA6UhgXAuGZnrVare5S18o1MmTn7Tdb0WODj6aBfKOARaM.T3fYtP/','crousillacfa22','crousillacfa22@drumee.net'),(1386,5,'$6$35869ef502e5d7fe$SgduIcWYSWiPLw2W1SZ4bLeQ7O4J6ljqk0V6BB.J81d8U6pnPi/MxPP7.mfZRl6zYcupW2otkb9Mlb8rQUkI1.','theillierfa22','theillierfa22@drumee.net'),(1388,5,'$6$be47ecdaea28d4b0$c5k/MiDeyxFZ2UKjC2md/Wqqps0GjO/Nd.SEW5JTlpFDx8QWMkFDPmuXL23I9NPm9iJIGEtcesAIQn4UC0LIg.','duboisfa22','duboisfa22@drumee.net'),(1390,5,'$6$33fcf6d393e7e65e$9lScdsGaCcq7tP.vwCdU3Ma5gnp6GLNUNHCVObihqsIdPDoeOE82xL3ISLrGaBaAr2gtODO0f7KyQHKQKVfml1','pourvreaufa22','pourvreaufa22@drumee.net'),(1392,5,'$6$8fd7a88007e1fc6d$EBJRYXKMgpnSylBKuw3RDwX7UuhWnzYoNiDTk7KQEginxwIEPNYWn09HmvXo4B/sw4sVi55aRtOPsB73KetqP0','astorgfa22','astorgfa22@drumee.net'),(1394,5,'$6$42fe42ffd8b79b0d$FUIfdNZ.htqyRzq8cSAYJTYZmg7qO9xwvUQZwODdnwTFrV231IFhuSEb8z.u5oezV0HjmAEP1EYOK1fJvVRB8.','bergerfa22','bergerfa22@drumee.net'),(1396,5,'$6$8395ac9a55e696f7$xQF7Ga6gktL52nugbtHGDBAgjvlqNbKZkqrqN6bSvieBcPQSjNmSCUJATCNfZBDRnaaPtJBxbFh8p/tRKA5el0','nicolasfa22','nicolasfa22@drumee.net'),(1398,5,'$6$44869e98638ecc5d$jecyEY8DFRLO7hm6wLMI11dsLLKfIUqSDkbPt1j7MnBhjxrJ8508vPqF3DC.zqu5fnmoIJ6OobkYSbtyxiqNa1','leferondelongcampfa22','leferondelongcampfa22@drumee.net'),(1400,5,'$6$c3baf66ebb16aabf$X4BMQj2k8sP9WVv7y6TJ6GVO46PnvMvNNVLCK5/qjtep7c8IXHdFJqbFqjW6.Slmb1pgsRiIDR9lvvC7SXmAw1','quatrebarbesfa22','quatrebarbesfa22@drumee.net'),(1402,5,'$6$7d073b9f5be9810f$L/HcHufsGJFgYb9wkxoxii9aoPZgDezV7pBtwcC0xbUyVlppvcFMQaIqjRL6eQA27VF.NrUuWF6XASmt/MY161','pensecfa22','pensecfa22@drumee.net'),(1404,5,'$6$43353f1c7b2e25ea$ZZ5yN0LSkLwgvDnvxcsiUmVjGualai3Obb0xn/bI97LB9LTcOOz.tFCZU8MFbrTOp.KrTlifzOcOHF1VfTMh4/','lecontefa22','lecontefa22@drumee.net'),(1406,5,'$6$7c4405d8ee108448$Nb.9HLggFe3Pv.g49v4AouUwpb5tDUGqCPPHwzG.ttEKbzEGazIpIkerG0.NKBoQpQGxoGK07uqEmIZ6aFt2c.','lerouxilfm','lerouxilfm@drumee.net'),(1408,5,'$6$502b995238ef0690$Vc8FyMoms/xm/KC.TH8WWmETg/.5YsQRimDh9VIEvNHlCqFzS4EyUnk3vp3yq6BONIkExfQqEaX0RKwQ18UBC1','barrageilfm','barrageilfm@drumee.net'),(1410,5,'$6$e69e38d4f670f786$idBBtvRNtMklslpXMmJiI.d4D8.Xyi51db4fntIjwTVaN0RdDrG17/4K.h4fJliG2Xxrc4noLwshKckPd.GEg/','mirkoilfm','mirkoilfm@drumee.net'),(1412,5,'$6$717728bd0d1ff7e2$p6OZfi7kN1cAcs91c.4qP426JVTYUHVq/lc5s5SEEs2ZrNBH79nUT39og9DHfvieagLO.49gHXHZicLFtt.mN1','dejaeghereilfm','dejaeghereilfm@drumee.net'),(1416,5,'$6$da9d8a6f83b3f1d8$uOvoJM/0Xwh6Y8l5h9TG5MVE7u.gr/8afuYBNO6iAIPn1ENSa/vZq2BaRek9ctzj6CmsGZgC8ZwbNcZecG9/T1','chambounaudcg','chambounaudcg@drumee.net'),(1418,5,'$6$970d4739d783a288$vMN5rgZQyTHs0uAbFXj/HszjTB7hIhgWjNFSN1tabBdyTEfpaasYRmzVwxfuQRX2E6wV/8z5y6XZCUwzs0Aqx1','previllegram','previllegram@drumee.net'),(1420,5,'$6$6802d4e4132a5224$mSJknQi3KvWR.xUpVsiXJhE9pwmx5Sep2okfxKA6F.qYaSAAmBU/f5kSOJgrvBCB2WLcHgndUsNKiuQxmeP4u.','emmanuelhist','emmanuelhist@drumee.net'),(1422,5,'$6$70b00ca8ca99106b$S5D5k4IsZZ4wlhrHPhMxLXn0LKZ9PUDcNiGGDHM1TuP/x4kcK/4Fr129j/cZjThR2RoQBBjA6OMlrDL5Bm/Vn1','adamdevilliersgeo','adamdevilliersgeo@drumee.net'),(1664,5,'$6$6c85a90483bef4cd$e38dL6akU1qe/N36d3/FQwmPyQxY01eGUOUj7wXO7F8aU0o8qjh7ar61cNG1dzffFA59XJQ3rjYvW0NCmP/Xf1','bonifa1','bonifa1@drumee.net'),(1666,5,'$6$e07b3a38f219539b$piV/Vop6.qtLnZ/tE3/BAPf4lTEyjBHVaGQhKkv6e02GVj/jPa9qQE6x70H./dvAzBdLsQX8VhfmSJP7lh3N71','surydaspremontfa1','surydaspremontfa1@drumee.net'),(1668,5,'$6$9e5cefad59782bad$Q6uZ3b8iutMfLdjLN1GexlhLApeQL8nztgK4cWJsyNz54MeHcMZJ.GoU.T5tRZYGt79ThLqEPcz0.1EwfZBYT0','boudouxfa1','boudouxfa1@drumee.net'),(1670,5,'$6$3da460521235175f$ZiSkP8wr7hn15osoM6OsvEMt25YBjsArTwa4HnvjDpZfEcQzZLZmW4bg6oFjMTP9ngXRlkyb4pmgQquytwQuP1','cortassafa1','cortassafa1@drumee.net'),(1672,5,'$6$dccb697f385fc61b$WQW76fx5Bgpb7rOYY.bcpW9td0pYjvKeD6UnZCZN7/eVLIDeGgBJHRbozLV5a/8UI/tIf8.fbnm2POnSdh/mi1','hablotfa1','hablotfa1@drumee.net'),(1674,5,'$6$939925aa6886f453$pW.lz4/ffEMdgymTyQHmBqBa3atv8ISD9J7hGn15AhrTj4tsbaaw0HXSFO8UMIiUzrRchXISUGyeVHiVENP.p0','lhuillierfa1','lhuillierfa1@drumee.net'),(1676,5,'$6$b4ecfbb94ae81fd9$1Yg3FchflaSmJktBpwl9b0wM6TRFw5MPWKXX0Yz82QF/x.saVnGyoaisAhTZZ5JP6SjcMigMHMbPVsH8XGyCx/','croissantfa1','croissantfa1@drumee.net'),(1678,5,'$6$e66e77057a097683$Fm6mMlObn/jCYXuhJ7W3GNrLdrg1taQy84vwPqWoxkOitnki2P1V/ARcwM.YTxLXD11pYOpdIh7AAhU/bT0PX1','blouerefa1','blouerefa1@drumee.net'),(1680,5,'$6$f1f7fb6a2d6d8c84$47NSXWb0BHblCA1OAZuRVm5qQicPqwMlwULQhuH0z/2iJaryljq/6v.00iUVJI4cn8K0052Dc15/WsMYMmMRZ1','leroyfa1','leroyfa1@drumee.net'),(1682,5,'$6$26ea4bd4ff228f79$x9jA2mDrWfeFhrUkQRGKXI.ZAa3b.JzMQ02aicQHeEWMU3Ipbcjhcw2mpQ5HdWN7H8VzYdPHbv6XM2vd/FrEa/','gouriofa1','gouriofa1@drumee.net'),(1684,5,'$6$cf3c04e7d445edea$peilbWWX9iKrLjbKS5mAc/XVxfMjTqG1aI7DrYyl0TzpfDFKNWkxsQDSWBrYGqU0EpvP1aD4rvrt5zNdiwyqw1','hachardfa1','hachardfa1@drumee.net'),(1686,5,'$6$9259608ce025756f$g7RQrAbeGZs7wAP9RpOBMJfm6.oUKaWGczl/Uk6kmJQ6S43CqafW2Qt1zTED8ObZEaPTgrIQVSO6MsJwvWNyW/','lanlayfa1','lanlayfa1@drumee.net'),(1688,5,'$6$97c4db60c7eeda2d$9tfsASN/ANfHB4XwNUv/hdfS8mKYcfQPdqWq1/8GJNtW1EOyv1eykNDALdoiIwEwNyeFIDAvHiXIl2iC4xl2T1','chardonfa21','chardonfa21@drumee.net'),(1690,5,'$6$9e90a4bac0f9de38$bYHdalWbonfEMiG9N01e3JIfDabfdHWtzdnJGNDIjeO2AW99WhaUue6ddPBVN.Yfb6xGpPuJvJw8Np5kppMec/','pelissierfa21','pelissierfa21@drumee.net'),(1692,5,'$6$cee549c9cbc30fd3$OjdudBFOHQF2F52GR0mdLnKoMCNfCAvszM.lrwfLny4i2DY1mpynwqqrrQMVv7OqVPKVRQJXS7PULacA7KBss/','hanotelfa21','hanotelfa21@drumee.net'),(1694,5,'$6$8c1449034d15c186$9uNY8vsc1dQdZyVnMPkFBOdPJ1ZNRmxrrB/xUh2KFO1/BuNiMn3YAPHw4PeY0db.zUdO53Mc3nNIwalKMms/Z1','malaussenefa21','malaussenefa21@drumee.net'),(1765,5,'$6$385ddd92757b5369$Z9f6/rDnJsjogH7el74Ek4mK0.Ys/Pl5YEy7DzX64xxGvLMppvoz3tXaPukiY11KW1qigQMKc.3u/V2719wGy0','','@drumee.com'),(1769,5,'$6$aa00a8e5657ec54f$THchZvsQ.GLGZRFx0xTH1vlPiTWrDlz4knPoh41pbUP.CTwRCAQJB.oQLAEo0sFGV9oiQxaX6JkOs22k7TRvA.','bonnafosfc1','bonnafosfc1@drumee.net'),(1771,5,'$6$58929ddc3e0a2e34$376NyP289Yr8Az6W6T/Y28ma1PMd6Bq6axokbwi8RitHBGTHVEfw77/NTqzQmVLhVP5mNO0Z7Ci.drc1s4mnZ1','guesdonfc1','guesdonfc1@drumee.net'),(1773,5,'$6$b6ba8b02f72c956b$eXMU9azjXoZGlUSpGwKgsIJjGpmGbcGsRVB75QJD3kZrn/AmqTe84MvebDzwPr/w1K9RQWCaDOTo.b9YVniqH/','guillemninetfc1','guillemninetfc1@drumee.net'),(1775,5,'$6$cf03ea72005f52ee$gpshoFix35gyLXOvlFYKaFqTwOXkvQ4NxMQijA2INTzH9m0jinALvZClPTwA4Nlz8AvzGCghk4QEeue5psnnI.','perdereaufc1','perdereaufc1@drumee.net'),(1777,5,'$6$e7c67a9c74661ce7$jPjuDzB3Eq2HaC314l1IL2g34xGxPO3rTtreuJc2AS3TUBI6yyKXuUqcoDPwpKsavVs2v8axrRcH/rgSZSZ010','piotfc1','piotfc1@drumee.net'),(1779,5,'$6$c99ade449464d628$Ae.hwbx7jaWxfE4YC8hHfCbBbMurZsgglUaDzRJYUqcR7t.1lCcugSiociVoXODJR6GY/m2xAqCV/hIpVtxWP/','balathierfc1','balathierfc1@drumee.net'),(1781,5,'$6$3d7d20125f0997c0$AcEZGiiGpQOUVO0G2s3EYVLg9ppPtYrHc/pP8Pdp0.ral1opbMqpmgTibsSwbQ5IAcTKLPO6O4SA9lAus7ntK1','lecontefc1','lecontefc1@drumee.net'),(1783,5,'$6$8f4201777c0f6c5d$aMWu4noJpOwg4EKOAMOe5z7mSZPhIn6cUr0QT6BlIp/hSrEuKyph7ya.5jD2823l/2EAa82P/1GIVZLCE4r2Q1','raffrayfc1','raffrayfc1@drumee.net'),(1785,5,'$6$c7d8e10920dc231e$f7PczTq3MOVE665HS1wmRq2ZN/ckqkCqV14Te3w4ngFMT4QcYke.aY9uq9ZPvZpGmjMyJTlHwgKtN2jExSMMP.','vergnaultfc1','vergnaultfc1@drumee.net'),(1787,5,'$6$15bb7c321f751a38$qjxKp0X.xXcq2r2sxKeTvEzT8OtQXWpC2QWhxqqpMZycdWh.7GvmcUKhksVa4gW2U8fYKGlFnhO0Kg/kUXzPB.','daniaultfc1','daniaultfc1@drumee.net'),(1789,5,'$6$73d70c19e6f4b354$t0ZPQtBCpv6Hq81lQSAVZFJh2Sk8xBbVQ1X/a6kCi9SCD1fXu6xINCOl7kPFA34KN0aVokMrycUMzhtRmVcUk/','bernardeaufc1','bernardeaufc1@drumee.net'),(1791,5,'$6$7d83497ac37d2e57$4i.N8rB0UM8HDL//qM5fTQsnqgZBya/0raxN.Op8X8CcVs/UmVzt3D1XGX65Fw5Mn7C/GwAF3e8FwxKf5fPE70','guillebonderesnesfc1','guillebonderesnesfc1@drumee.net'),(1793,5,'$6$f95dbe4d298e1d87$OzXiUXKyvKD/Waeg2z5MQK7Yz.qRh3G4YnSnkZxyD8TLBdW1uBLjIByc3tiSYgStuiSJuXd2FBZk6hU9KOWNr0','guettrefc1','guettrefc1@drumee.net'),(1795,5,'$6$2fe805ff916513ae$y6wEJJugNRTcarohvEyWmu3xP7Nbw3ydaqDAL07xvzDGuoUS/Qioj7UeVc42tiA8XitayJBLdHHkan7LoEXod0','champsdesaintlegerfc1','champsdesaintlegerfc1@drumee.net'),(1797,5,'$6$eefd1b911648b059$j4sXC6ANXve5lzhBgEr7gzG9i/zqpDkgxUiqMIVXLbFKhPAxYQNo8Evt/G4aF9SyR3GOZ35X5nczbiywUglgD.','meneyfc1','meneyfc1@drumee.net'),(1799,5,'$6$47782485c52f920d$26UxaLD422Oj0aRgLLP5QaE36VEyfmzmPdHTQMklIOVCTfroMvOUq9ZocF.kbZ6r.dfYXMfhGXZjca3laZh4h0','ponsinetdesivryfa1','ponsinetdesivryfa1@drumee.net'),(1801,5,'$6$266ee4d2a8f18d62$tWnBmbi1G3W7BGD3OjtWyaCYYaZD/pq8esr2Qw0PlEQ68UU206/g1nrFaxRXfZf4CvbNJWRdownZxbgNKHnGr0','vergnettefa1','vergnettefa1@drumee.net'),(1803,5,'$6$1c5f7f6671b7a581$e5OOMcR2Kh2jmCknsyedVzwFTFjST70vpr0Jj9.vrDNDYclkZJaDMj/gRCh5Ck7hSrWyGmnI5vjKxe4FQf/SM1','bruerefa1','bruerefa1@drumee.net'),(1805,5,'$6$556cb81d3afed275$X09VjQqzaA1xwvn7EK4ACj9qQDU47wTX2vLKsvHke95wnRbSrWpfQYB/UcK1k1lBgyooqCaDk.Nl0zMxaLkgp1','lacroptedechanteracfa1','lacroptedechanteracfa1@drumee.net'),(1807,5,'$6$e063a3902c7aa00b$uH6gJCCXrqRQ4eweg0Q2qrUQTXrLF8.LPw3XzYYI3Yt2/toLQHS58eLM7oByfEibJSDOPY0ZmNNhNPJAGvozb.','boucheriefa1','boucheriefa1@drumee.net'),(1831,5,'$6$1b85da20c0ed2013$AR/BAcib7YOl8nQkGkAgvQ3MCHh2hvxMkVM8QXWR0IfvNtt36RrK./6ewZiiCBGLtKNQXi.se6FImNcRh3Ue0.','jobbeduvalfc1','jobbeduvalfc1@drumee.net'),(1838,5,'$6$cf337401eebc0118$GsmJbzSN2S4I2wj0go7QkrJKl5NPTwmBoO6O6CpL7Ny2FFO6utKqrbGAUvWfiXo190BtfI0918Um6ZUrbOE2p/','personilfm','personilfm@drumee.net'),(1841,5,'$6$f8709d6d0bd590a9$oVSQIxLIxNDdEfgiLEqw695Xu6/fIfY/PIx3GECiOACCKHb3hRyF9IGVJZmRaIy6wmg9pSd2jEQT9hI4wMYPu.','penfentenyo','penfentenyo@drumee.net'),(1843,5,'$6$883af6a10b1cc60b$lJdAURmBXJJ5PAEzp5KuW2C3MRS4Hy6jlFAuuAVG3f0repPCFTkIX04Ecy1pgXVefAORb2AGbCiO356YIBfnE1','chabotm','chabotm@drumee.net'),(1845,5,'$6$52d593ae058a5350$X8JqKxMf/fNr7x/M0kWM.AX9i/Mz8mA43b13icQZpKPxzTzPGiq4b1SkGFDanTqNVltCwzKK.qTG.X7LKDb3j.','markt','markt@drumee.net'),(1847,5,'$6$3e67eee13924765a$RyQI09P9l3MtW2vMdS2NXy7vMahk/.k47JykpFumisP.ZDvj0.tzIjlFtNwMAuC4JotMYEOZ0btl2TtS/GLQg/','pinault','pinault@drumee.net'),(1849,5,'$6$31cbd231ff13a118$i1svIvicTnF8W5kHiDmqW4Mey4M8h9tzx5GTx3PDUgEYX0GjBvOP4KbvYuFNlLmQoApPkpahiHU84B7TbJ3kl0','mawetfar','mawetfar@drumee.net'),(1851,5,'$6$743777dc7efa386a$5wIGQt5aEHoyftp8J36k1hHwoWxJBmaCE97bug6ivgHToEBdeHYIdJYFxQXS9zgB6VuQ7G59xzg1QtwVeB5vt0','ducassefar','ducassefar@drumee.net'),(1853,5,'$6$1226f99e49dfa769$pvIWY4XbCH0CR9Uo8nf6D4bcmSJ6fRVSsgX5jM1D..9IgK8AUfYtqJvZ4ynwv4fFXMBDkLt6g3dgHhtggbXa/0','baylefar','baylefar@drumee.net'),(1855,5,'$6$42bef27bcccc1f38$tYtM0tt.I2nzY6xmp2rniEcM0EU5HsqCsEr/y5ygXrkTL/iXh3O7nrD9P/81ZQhgWD/DOGK5lE4RB2JwrphQU1','theryfar','theryfar@drumee.net'),(1857,5,'$6$5aaf802104758cfa$AIbhjsl4kEEQohMdzDxL42Zu3EwOIRairQ7DzlLFvzdRGURKib54Y1OxtbvqAwb9hd02frAEbGwH8zIc5l4b2/','laurentfar','laurentfar@drumee.net'),(1859,5,'$6$1163cc83d52a87af$xL4wsEHC7dZhpn2vf2glz0gCPVM4xpQ/MJ.SbYYjA3JKMAx02rdDbi8ALdmexaeDZ2rZ5r9Saad69BT.hm7cQ0','tipifar','tipifar@drumee.net'),(1861,5,'$6$2d6f9bd16f59b6c6$.ELK2IwnF7QSRmXOGW5v4gkCjM8sgA9k773qQfu.tSYDVVqLjr9mfZF/ImpHpCPPIZnZm4Exi1N2V4FbOqrI91','scolanfar','scolanfar@drumee.net'),(1862,5,'$6$3d8eef3a5a3aba91$kjxlol7Aikhh8gtWlKmYS.tOVL/9EJnKtTizPBbf69fQu6Ps3l2lzi4WqJQ.sNqH9ig33oPZCf.Q9ZiSOFKNQ1','genies','genies@drumee.net'),(1863,5,'$6$4b6ad8b735c100ab$T/TPyYcCcjZHMzQXvAGlao4lbkeMoSRNtRQWI5/0LikFnP4bsUMQYL3lLBtn3eDdx9pcF6ckuPreu19yicPqs.','rl','rl@drumee.net'),(1864,5,'$6$41472f50dd681ade$mw0rBTyJU2K5s0KJabbN27gaO7I2pnf7slU/.suiGLR1KfjmED0tOFFq682sBqqIuGLyRvR/cUOx/l5iI/NMq.','mdarcimoles','mdarcimoles@drumee.net'),(1865,5,'$6$56af927f993e6001$A8CzWLCd0Qs96G2dndYfw56cjmoGWp5ez.z4xDFLhQG5/Gt1og5828jNUIEWuJ5tjPfJFnvH076L0SN.e2gQv/','benoitcm1','benoitcm1@drumee.net'),(1866,5,'$6$074267b00421c8b2$B9a9wvFlPF1hzijVszG7YLW9fiTVAwRQ0bD1VqE/rBlTkZ1GIxR0bB4Nxs8H7rYMmNO8tV.NPcUkjidzQzbyT1','pff','pff@drumee.net'),(1867,7,'$6$898f47ac7f903c0b$/6iiL7v4rVdNeaFc92EPubGCTxIoduo.Q/FEU.pl.j..FrmaDRcM9lIi.E4xZjbCGnbKqUgMw2KtomyqkQgid0','ranjith','ranjith@drumee.net');
/*!40000 ALTER TABLE `users` ENABLE KEYS */;
UNLOCK TABLES;
/*!50003 SET @saved_sql_mode       = @@sql_mode */ ;
/*!50003 SET sql_mode              = 'STRICT_TRANS_TABLES,ERROR_FOR_DIVISION_BY_ZERO,NO_AUTO_CREATE_USER,NO_ENGINE_SUBSTITUTION' */ ;
/*!50003 DROP PROCEDURE IF EXISTS `create_mailbox` */;
/*!50003 SET @saved_cs_client      = @@character_set_client */ ;
/*!50003 SET @saved_cs_results     = @@character_set_results */ ;
/*!50003 SET @saved_col_connection = @@collation_connection */ ;
/*!50003 SET character_set_client  = utf8mb4 */ ;
/*!50003 SET character_set_results = utf8mb4 */ ;
/*!50003 SET collation_connection  = utf8mb4_general_ci */ ;
DELIMITER ;;
CREATE PROCEDURE `create_mailbox`(
  IN _ident VARCHAR(80),
  IN _domain VARCHAR(255),
  IN _pw VARCHAR(255)
)
BEGIN
  DECLARE _domain_id INT(6);

  SELECT id FROM domains WHERE `name`=_domain INTO _domain_id;

  INSERT INTO aliases VALUES(NULL, _domain_id, concat(_ident, '@', _domain), concat(_ident, '@drumee.net'));
  INSERT INTO users VALUES(NULL, 
           _domain_id, ENCRYPT(_pw, CONCAT('$6$', SUBSTRING(SHA(RAND()), -16))), 
           _ident, concat(_ident, '@drumee.net')); 
  SELECT * FROM users WHERE username=_ident;

END ;;
DELIMITER ;
/*!50003 SET sql_mode              = @saved_sql_mode */ ;
/*!50003 SET character_set_client  = @saved_cs_client */ ;
/*!50003 SET character_set_results = @saved_cs_results */ ;
/*!50003 SET collation_connection  = @saved_col_connection */ ;
/*!50003 SET @saved_sql_mode       = @@sql_mode */ ;
/*!50003 SET sql_mode              = 'STRICT_TRANS_TABLES,ERROR_FOR_DIVISION_BY_ZERO,NO_AUTO_CREATE_USER,NO_ENGINE_SUBSTITUTION' */ ;
/*!50003 DROP PROCEDURE IF EXISTS `update_mailbox` */;
/*!50003 SET @saved_cs_client      = @@character_set_client */ ;
/*!50003 SET @saved_cs_results     = @@character_set_results */ ;
/*!50003 SET @saved_col_connection = @@collation_connection */ ;
/*!50003 SET character_set_client  = utf8mb4 */ ;
/*!50003 SET character_set_results = utf8mb4 */ ;
/*!50003 SET collation_connection  = utf8mb4_general_ci */ ;
DELIMITER ;;
CREATE PROCEDURE `update_mailbox`(
  IN _ident VARCHAR(80),
  IN _domain VARCHAR(255),
  IN _pw VARCHAR(255)
)
BEGIN
  DECLARE _domain_id INT(6);

  SELECT id FROM domains WHERE `name`=_domain INTO _domain_id;

  REPLACE INTO aliases VALUES(NULL, _domain_id, concat(_ident, '@', _domain), concat(_ident, '@drumee.net'));
  REPLACE INTO users VALUES(NULL, 
           _domain_id, ENCRYPT(_pw, CONCAT('$6$', SUBSTRING(SHA(RAND()), -16))), 
           _ident, concat(_ident, '@drumee.net')); 
END ;;
DELIMITER ;
/*!50003 SET sql_mode              = @saved_sql_mode */ ;
/*!50003 SET character_set_client  = @saved_cs_client */ ;
/*!50003 SET character_set_results = @saved_cs_results */ ;
/*!50003 SET collation_connection  = @saved_col_connection */ ;
/*!40103 SET TIME_ZONE=@OLD_TIME_ZONE */;

/*!40101 SET SQL_MODE=@OLD_SQL_MODE */;
/*!40014 SET FOREIGN_KEY_CHECKS=@OLD_FOREIGN_KEY_CHECKS */;
/*!40014 SET UNIQUE_CHECKS=@OLD_UNIQUE_CHECKS */;
/*!40101 SET CHARACTER_SET_CLIENT=@OLD_CHARACTER_SET_CLIENT */;
/*!40101 SET CHARACTER_SET_RESULTS=@OLD_CHARACTER_SET_RESULTS */;
/*!40101 SET COLLATION_CONNECTION=@OLD_COLLATION_CONNECTION */;
/*!40111 SET SQL_NOTES=@OLD_SQL_NOTES */;

